2026-08-11 15:50:47.229 INFO  c.c.UsageLog.UsageLogApplication - Starting UsageLogApplication using Java 22 with PID 21984 (C:\workspace\UsageLog\target\classes started by chote in C:\workspace\UsageLog)
2026-08-11 15:50:47.231 INFO  c.c.UsageLog.UsageLogApplication - No active profile set, falling back to 1 default profile: "default"
2026-08-11 15:50:47.274 INFO  o.s.b.d.e.DevToolsPropertyDefaultsPostProcessor - Devtools property defaults active! Set 'spring.devtools.add-properties' to 'false' to disable
2026-08-11 15:50:47.274 INFO  o.s.b.d.e.DevToolsPropertyDefaultsPostProcessor - For additional web related logging consider setting the 'logging.level.web' property to 'DEBUG'
2026-08-11 15:50:48.046 INFO  o.s.d.r.c.RepositoryConfigurationDelegate - Bootstrapping Spring Data JPA repositories in DEFAULT mode.
2026-08-11 15:50:48.095 INFO  o.s.d.r.c.RepositoryConfigurationDelegate - Finished Spring Data repository scanning in 47 ms. Found 3 JPA repository interfaces.
2026-08-11 15:50:48.804 INFO  o.s.b.w.e.tomcat.TomcatWebServer - Tomcat initialized with port 8080 (http)
2026-08-11 15:50:48.830 INFO  o.a.coyote.http11.Http11NioProtocol - Initializing ProtocolHandler ["http-nio-8080"]
2026-08-11 15:50:48.830 INFO  o.a.catalina.core.StandardService - Starting service [Tomcat]
2026-08-11 15:50:48.830 INFO  o.a.catalina.core.StandardEngine - Starting Servlet engine: [Apache Tomcat/10.1.20]
2026-08-11 15:50:48.899 INFO  o.a.c.c.C.[Tomcat].[localhost].[/] - Initializing Spring embedded WebApplicationContext
2026-08-11 15:50:48.901 INFO  o.s.b.w.s.c.ServletWebServerApplicationContext - Root WebApplicationContext: initialization completed in 1621 ms
2026-08-11 15:50:49.224 INFO  o.h.jpa.internal.util.LogHelper - HHH000204: Processing PersistenceUnitInfo [name: default]
2026-08-11 15:50:49.303 INFO  org.hibernate.Version - HHH000412: Hibernate ORM core version 6.4.4.Final
2026-08-11 15:50:49.339 INFO  o.h.c.i.RegionFactoryInitiator - HHH000026: Second-level cache disabled
2026-08-11 15:50:49.592 INFO  o.s.o.j.p.SpringPersistenceUnitInfo - No LoadTimeWeaver setup: ignoring JPA class transformer
2026-08-11 15:50:49.619 INFO  com.zaxxer.hikari.HikariDataSource - HikariPool-1 - Starting...
2026-08-11 15:50:50.098 INFO  com.zaxxer.hikari.pool.HikariPool - HikariPool-1 - Added connection com.mysql.cj.jdbc.ConnectionImpl@64790e4d
2026-08-11 15:50:50.106 INFO  com.zaxxer.hikari.HikariDataSource - HikariPool-1 - Start completed.
2026-08-11 15:50:50.966 INFO  o.h.e.t.j.p.i.JtaPlatformInitiator - HHH000489: No JTA platform available (set 'hibernate.transaction.jta.platform' to enable JTA platform integration)
2026-08-11 15:50:51.009 INFO  o.s.o.j.LocalContainerEntityManagerFactoryBean - Initialized JPA EntityManagerFactory for persistence unit 'default'
2026-08-11 15:50:51.215 INFO  o.s.d.j.r.query.QueryEnhancerFactory - Hibernate is in classpath; If applicable, HQL parser will be used.
2026-08-11 15:50:51.949 WARN  o.s.b.a.o.j.JpaBaseConfiguration$JpaWebConfiguration - spring.jpa.open-in-view is enabled by default. Therefore, database queries may be performed during view rendering. Explicitly configure spring.jpa.open-in-view to disable this warning
2026-08-11 15:50:51.985 INFO  o.s.b.a.w.s.WelcomePageHandlerMapping - Adding welcome page template: index
2026-08-11 15:50:52.521 INFO  o.s.b.d.a.OptionalLiveReloadServer - LiveReload server is running on port 35729
2026-08-11 15:50:52.540 INFO  o.s.b.a.e.web.EndpointLinksResolver - Exposing 1 endpoint(s) beneath base path '/actuator'
2026-08-11 15:50:52.592 INFO  o.a.coyote.http11.Http11NioProtocol - Starting ProtocolHandler ["http-nio-8080"]
2026-08-11 15:50:52.689 INFO  o.s.b.w.e.tomcat.TomcatWebServer - Tomcat started on port 8080 (http) with context path ''
2026-08-11 15:50:52.698 INFO  c.c.UsageLog.UsageLogApplication - Started UsageLogApplication in 6.059 seconds (process running for 6.566)
2026-08-11 15:52:37.365 INFO  o.a.c.c.C.[Tomcat].[localhost].[/] - Initializing Spring DispatcherServlet 'dispatcherServlet'
2026-08-11 15:52:37.369 INFO  o.s.web.servlet.DispatcherServlet - Initializing Servlet 'dispatcherServlet'
2026-08-11 15:52:37.369 INFO  o.s.web.servlet.DispatcherServlet - Completed initialization in 0 ms
2026-08-11 15:52:56.917 INFO  c.c.UsageLog.service.UsageService - 購入内容：マスター国内利用　MZZ ｲｵﾝ ﾐﾉｵ
2026-08-11 15:52:56.917 INFO  c.c.UsageLog.service.UsageService - 金額：1030
2026-08-11 15:52:56.926 INFO  c.c.UsageLog.service.UsageService - 購入日：2026-07-30
2026-08-11 15:52:56.926 INFO  c.c.UsageLog.service.UsageService - 購入内容：マスター国内利用　MZZ APPLE COM BILL
2026-08-11 15:52:56.926 INFO  c.c.UsageLog.service.UsageService - 金額：1280
2026-08-11 15:52:56.926 INFO  c.c.UsageLog.service.UsageService - 購入日：2026-07-29
2026-08-11 15:52:56.926 INFO  c.c.UsageLog.service.UsageService - 購入内容：エスト　7115462052177 04554
2026-08-11 15:52:56.926 INFO  c.c.UsageLog.service.UsageService - 金額：990
2026-08-11 15:52:56.926 INFO  c.c.UsageLog.service.UsageService - 購入日：2026-07-29
2026-08-11 15:52:56.926 INFO  c.c.UsageLog.service.UsageService - 購入内容：セブン－イレブン
2026-08-11 15:52:56.926 INFO  c.c.UsageLog.service.UsageService - 金額：321
2026-08-11 15:52:56.926 INFO  c.c.UsageLog.service.UsageService - 購入日：2026-07-27
2026-08-11 15:52:56.926 INFO  c.c.UsageLog.service.UsageService - 購入内容：マスター国内利用　MZZ ﾎﾜｲﾃｲｳﾒﾀﾞ/NFC
2026-08-11 15:52:56.926 INFO  c.c.UsageLog.service.UsageService - 金額：880
2026-08-11 15:52:56.926 INFO  c.c.UsageLog.service.UsageService - 購入日：2026-07-27
2026-08-11 15:52:56.932 INFO  c.c.UsageLog.service.UsageService - 購入内容：マスター国内利用　MZZ ﾌｱﾐﾘ-ﾏ-ﾄﾐﾉｵﾆｼｼﾞﾕ
2026-08-11 15:52:56.932 INFO  c.c.UsageLog.service.UsageService - 金額：1109
2026-08-11 15:52:56.932 INFO  c.c.UsageLog.service.UsageService - 購入日：2026-07-26
2026-08-11 15:52:56.934 INFO  c.c.UsageLog.service.UsageService - 購入内容：マスター国内利用　MZZ ﾓﾊﾞｲﾙｲｺｶﾁﾔ-ｼﾞ
2026-08-11 15:52:56.934 INFO  c.c.UsageLog.service.UsageService - 金額：5000
2026-08-11 15:52:56.935 INFO  c.c.UsageLog.service.UsageService - 購入日：2026-07-26
2026-08-11 15:52:56.935 INFO  c.c.UsageLog.service.UsageService - 購入内容：マスター国内利用　MZZ ﾌﾞﾂｸｵﾌﾐﾉｵｼﾔｸｼﾖﾏｴ
2026-08-11 15:52:56.936 INFO  c.c.UsageLog.service.UsageService - 金額：1336
2026-08-11 15:52:56.936 INFO  c.c.UsageLog.service.UsageService - 購入日：2026-07-25
2026-08-11 15:52:56.936 INFO  c.c.UsageLog.service.UsageService - 購入内容：海外利用　１　GITHUB
2026-08-11 15:52:56.936 INFO  c.c.UsageLog.service.UsageService - 金額：1回払い
2026-08-11 15:52:56.942 ERROR o.a.c.c.C.[.[.[.[dispatcherServlet] - Servlet.service() for servlet [dispatcherServlet] in context with path [] threw exception [Request processing failed: java.lang.NumberFormatException: For input string: "1回払い"] with root cause
java.lang.NumberFormatException: For input string: "1回払い"
	at java.base/java.lang.NumberFormatException.forInputString(NumberFormatException.java:67)
	at java.base/java.lang.Integer.parseInt(Integer.java:588)
	at java.base/java.lang.Integer.parseInt(Integer.java:685)
	at com.chotetsu.UsageLog.service.UsageService.parseRakutenCsv(UsageService.java:122)
	at java.base/jdk.internal.reflect.DirectMethodHandleAccessor.invoke(DirectMethodHandleAccessor.java:103)
	at java.base/java.lang.reflect.Method.invoke(Method.java:580)
	at org.springframework.aop.support.AopUtils.invokeJoinpointUsingReflection(AopUtils.java:354)
	at org.springframework.aop.framework.CglibAopProxy$DynamicAdvisedInterceptor.intercept(CglibAopProxy.java:716)
	at com.chotetsu.UsageLog.service.UsageService$$SpringCGLIB$$0.parseRakutenCsv(<generated>)
	at com.chotetsu.UsageLog.controller.CsvUploadController.uploadCsv(CsvUploadController.java:48)
	at java.base/jdk.internal.reflect.DirectMethodHandleAccessor.invoke(DirectMethodHandleAccessor.java:103)
	at java.base/java.lang.reflect.Method.invoke(Method.java:580)
	at org.springframework.web.method.support.InvocableHandlerMethod.doInvoke(InvocableHandlerMethod.java:255)
	at org.springframework.web.method.support.InvocableHandlerMethod.invokeForRequest(InvocableHandlerMethod.java:188)
	at org.springframework.web.servlet.mvc.method.annotation.ServletInvocableHandlerMethod.invokeAndHandle(ServletInvocableHandlerMethod.java:118)
	at org.springframework.web.servlet.mvc.method.annotation.RequestMappingHandlerAdapter.invokeHandlerMethod(RequestMappingHandlerAdapter.java:926)
	at org.springframework.web.servlet.mvc.method.annotation.RequestMappingHandlerAdapter.handleInternal(RequestMappingHandlerAdapter.java:831)
	at org.springframework.web.servlet.mvc.method.AbstractHandlerMethodAdapter.handle(AbstractHandlerMethodAdapter.java:87)
	at org.springframework.web.servlet.DispatcherServlet.doDispatch(DispatcherServlet.java:1089)
	at org.springframework.web.servlet.DispatcherServlet.doService(DispatcherServlet.java:979)
	at org.springframework.web.servlet.FrameworkServlet.processRequest(FrameworkServlet.java:1014)
	at org.springframework.web.servlet.FrameworkServlet.doPost(FrameworkServlet.java:914)
	at jakarta.servlet.http.HttpServlet.service(HttpServlet.java:590)
	at org.springframework.web.servlet.FrameworkServlet.service(FrameworkServlet.java:885)
	at jakarta.servlet.http.HttpServlet.service(HttpServlet.java:658)
	at org.apache.catalina.core.ApplicationFilterChain.internalDoFilter(ApplicationFilterChain.java:206)
	at org.apache.catalina.core.ApplicationFilterChain.doFilter(ApplicationFilterChain.java:150)
	at org.apache.tomcat.websocket.server.WsFilter.doFilter(WsFilter.java:51)
	at org.apache.catalina.core.ApplicationFilterChain.internalDoFilter(ApplicationFilterChain.java:175)
	at org.apache.catalina.core.ApplicationFilterChain.doFilter(ApplicationFilterChain.java:150)
	at org.springframework.web.filter.RequestContextFilter.doFilterInternal(RequestContextFilter.java:100)
	at org.springframework.web.filter.OncePerRequestFilter.doFilter(OncePerRequestFilter.java:116)
	at org.apache.catalina.core.ApplicationFilterChain.internalDoFilter(ApplicationFilterChain.java:175)
	at org.apache.catalina.core.ApplicationFilterChain.doFilter(ApplicationFilterChain.java:150)
	at org.springframework.web.filter.FormContentFilter.doFilterInternal(FormContentFilter.java:93)
	at org.springframework.web.filter.OncePerRequestFilter.doFilter(OncePerRequestFilter.java:116)
	at org.apache.catalina.core.ApplicationFilterChain.internalDoFilter(ApplicationFilterChain.java:175)
	at org.apache.catalina.core.ApplicationFilterChain.doFilter(ApplicationFilterChain.java:150)
	at org.springframework.web.filter.ServerHttpObservationFilter.doFilterInternal(ServerHttpObservationFilter.java:109)
	at org.springframework.web.filter.OncePerRequestFilter.doFilter(OncePerRequestFilter.java:116)
	at org.apache.catalina.core.ApplicationFilterChain.internalDoFilter(ApplicationFilterChain.java:175)
	at org.apache.catalina.core.ApplicationFilterChain.doFilter(ApplicationFilterChain.java:150)
	at org.springframework.web.filter.CharacterEncodingFilter.doFilterInternal(CharacterEncodingFilter.java:201)
	at org.springframework.web.filter.OncePerRequestFilter.doFilter(OncePerRequestFilter.java:116)
	at org.apache.catalina.core.ApplicationFilterChain.internalDoFilter(ApplicationFilterChain.java:175)
	at org.apache.catalina.core.ApplicationFilterChain.doFilter(ApplicationFilterChain.java:150)
	at org.apache.catalina.core.StandardWrapperValve.invoke(StandardWrapperValve.java:167)
	at org.apache.catalina.core.StandardContextValve.invoke(StandardContextValve.java:90)
	at org.apache.catalina.authenticator.AuthenticatorBase.invoke(AuthenticatorBase.java:482)
	at org.apache.catalina.core.StandardHostValve.invoke(StandardHostValve.java:115)
	at org.apache.catalina.valves.ErrorReportValve.invoke(ErrorReportValve.java:93)
	at org.apache.catalina.core.StandardEngineValve.invoke(StandardEngineValve.java:74)
	at org.apache.catalina.connector.CoyoteAdapter.service(CoyoteAdapter.java:344)
	at org.apache.coyote.http11.Http11Processor.service(Http11Processor.java:391)
	at org.apache.coyote.AbstractProcessorLight.process(AbstractProcessorLight.java:63)
	at org.apache.coyote.AbstractProtocol$ConnectionHandler.process(AbstractProtocol.java:896)
	at org.apache.tomcat.util.net.NioEndpoint$SocketProcessor.doRun(NioEndpoint.java:1736)
	at org.apache.tomcat.util.net.SocketProcessorBase.run(SocketProcessorBase.java:52)
	at org.apache.tomcat.util.threads.ThreadPoolExecutor.runWorker(ThreadPoolExecutor.java:1191)
	at org.apache.tomcat.util.threads.ThreadPoolExecutor$Worker.run(ThreadPoolExecutor.java:659)
	at org.apache.tomcat.util.threads.TaskThread$WrappingRunnable.run(TaskThread.java:63)
	at java.base/java.lang.Thread.run(Thread.java:1570)
2026-08-11 16:04:31.040 INFO  o.s.b.d.a.LocalDevToolsAutoConfiguration$RestartingClassPathChangeChangedEventListener - Restarting due to 26 class path changes (0 additions, 9 deletions, 17 modifications)
2026-08-11 16:04:31.046 INFO  o.a.coyote.http11.Http11NioProtocol - Stopping ProtocolHandler ["http-nio-8080"]
2026-08-11 16:04:31.055 INFO  o.s.o.j.LocalContainerEntityManagerFactoryBean - Closing JPA EntityManagerFactory for persistence unit 'default'
2026-08-11 16:04:31.061 INFO  com.zaxxer.hikari.HikariDataSource - HikariPool-1 - Shutdown initiated...
2026-08-11 16:04:31.073 INFO  com.zaxxer.hikari.HikariDataSource - HikariPool-1 - Shutdown completed.
2026-08-11 16:04:31.191 INFO  c.c.UsageLog.UsageLogApplication - Starting UsageLogApplication using Java 22 with PID 21984 (C:\workspace\UsageLog\target\classes started by chote in C:\workspace\UsageLog)
2026-08-11 16:04:31.192 INFO  c.c.UsageLog.UsageLogApplication - No active profile set, falling back to 1 default profile: "default"
2026-08-11 16:04:31.408 INFO  o.s.d.r.c.RepositoryConfigurationDelegate - Bootstrapping Spring Data JPA repositories in DEFAULT mode.
2026-08-11 16:04:31.425 INFO  o.s.d.r.c.RepositoryConfigurationDelegate - Finished Spring Data repository scanning in 15 ms. Found 3 JPA repository interfaces.
2026-08-11 16:04:31.553 INFO  o.s.b.w.e.tomcat.TomcatWebServer - Tomcat initialized with port 8080 (http)
2026-08-11 16:04:31.554 INFO  o.a.coyote.http11.Http11NioProtocol - Initializing ProtocolHandler ["http-nio-8080"]
2026-08-11 16:04:31.554 INFO  o.a.catalina.core.StandardService - Starting service [Tomcat]
2026-08-11 16:04:31.555 INFO  o.a.catalina.core.StandardEngine - Starting Servlet engine: [Apache Tomcat/10.1.20]
2026-08-11 16:04:31.579 INFO  o.a.c.c.C.[Tomcat].[localhost].[/] - Initializing Spring embedded WebApplicationContext
2026-08-11 16:04:31.580 INFO  o.s.b.w.s.c.ServletWebServerApplicationContext - Root WebApplicationContext: initialization completed in 385 ms
2026-08-11 16:04:31.799 INFO  o.h.jpa.internal.util.LogHelper - HHH000204: Processing PersistenceUnitInfo [name: default]
2026-08-11 16:04:31.806 INFO  o.h.c.i.RegionFactoryInitiator - HHH000026: Second-level cache disabled
2026-08-11 16:04:31.819 INFO  o.s.o.j.p.SpringPersistenceUnitInfo - No LoadTimeWeaver setup: ignoring JPA class transformer
2026-08-11 16:04:31.832 INFO  com.zaxxer.hikari.HikariDataSource - HikariPool-2 - Starting...
2026-08-11 16:04:31.943 INFO  com.zaxxer.hikari.pool.HikariPool - HikariPool-2 - Added connection com.mysql.cj.jdbc.ConnectionImpl@43f46ed3
2026-08-11 16:04:31.944 INFO  com.zaxxer.hikari.HikariDataSource - HikariPool-2 - Start completed.
2026-08-11 16:04:32.050 INFO  o.h.e.t.j.p.i.JtaPlatformInitiator - HHH000489: No JTA platform available (set 'hibernate.transaction.jta.platform' to enable JTA platform integration)
2026-08-11 16:04:32.070 INFO  o.s.o.j.LocalContainerEntityManagerFactoryBean - Initialized JPA EntityManagerFactory for persistence unit 'default'
2026-08-11 16:04:32.271 WARN  o.s.b.a.o.j.JpaBaseConfiguration$JpaWebConfiguration - spring.jpa.open-in-view is enabled by default. Therefore, database queries may be performed during view rendering. Explicitly configure spring.jpa.open-in-view to disable this warning
2026-08-11 16:04:32.298 INFO  o.s.b.a.w.s.WelcomePageHandlerMapping - Adding welcome page template: index
2026-08-11 16:04:32.517 INFO  o.s.b.d.a.OptionalLiveReloadServer - LiveReload server is running on port 35729
2026-08-11 16:04:32.523 INFO  o.s.b.a.e.web.EndpointLinksResolver - Exposing 1 endpoint(s) beneath base path '/actuator'
2026-08-11 16:04:32.543 INFO  o.a.coyote.http11.Http11NioProtocol - Starting ProtocolHandler ["http-nio-8080"]
2026-08-11 16:04:32.558 INFO  o.s.b.w.e.tomcat.TomcatWebServer - Tomcat started on port 8080 (http) with context path ''
2026-08-11 16:04:32.565 INFO  c.c.UsageLog.UsageLogApplication - Started UsageLogApplication in 1.409 seconds (process running for 826.428)
2026-08-11 16:04:32.568 INFO  o.s.b.d.a.ConditionEvaluationDeltaLoggingListener - Condition evaluation unchanged
2026-08-11 16:04:33.947 INFO  o.s.b.d.a.LocalDevToolsAutoConfiguration$RestartingClassPathChangeChangedEventListener - Restarting due to 9 class path changes (9 additions, 0 deletions, 0 modifications)
2026-08-11 16:04:33.949 INFO  o.a.coyote.http11.Http11NioProtocol - Stopping ProtocolHandler ["http-nio-8080"]
2026-08-11 16:04:33.955 INFO  o.s.o.j.LocalContainerEntityManagerFactoryBean - Closing JPA EntityManagerFactory for persistence unit 'default'
2026-08-11 16:04:33.956 INFO  com.zaxxer.hikari.HikariDataSource - HikariPool-2 - Shutdown initiated...
2026-08-11 16:04:33.964 INFO  com.zaxxer.hikari.HikariDataSource - HikariPool-2 - Shutdown completed.
2026-08-11 16:04:34.055 INFO  c.c.UsageLog.UsageLogApplication - Starting UsageLogApplication using Java 22 with PID 21984 (C:\workspace\UsageLog\target\classes started by chote in C:\workspace\UsageLog)
2026-08-11 16:04:34.056 INFO  c.c.UsageLog.UsageLogApplication - No active profile set, falling back to 1 default profile: "default"
2026-08-11 16:04:34.274 INFO  o.s.d.r.c.RepositoryConfigurationDelegate - Bootstrapping Spring Data JPA repositories in DEFAULT mode.
2026-08-11 16:04:34.289 INFO  o.s.d.r.c.RepositoryConfigurationDelegate - Finished Spring Data repository scanning in 9 ms. Found 3 JPA repository interfaces.
2026-08-11 16:04:34.395 INFO  o.s.b.w.e.tomcat.TomcatWebServer - Tomcat initialized with port 8080 (http)
2026-08-11 16:04:34.395 INFO  o.a.coyote.http11.Http11NioProtocol - Initializing ProtocolHandler ["http-nio-8080"]
2026-08-11 16:04:34.395 INFO  o.a.catalina.core.StandardService - Starting service [Tomcat]
2026-08-11 16:04:34.395 INFO  o.a.catalina.core.StandardEngine - Starting Servlet engine: [Apache Tomcat/10.1.20]
2026-08-11 16:04:34.410 INFO  o.a.c.c.C.[Tomcat].[localhost].[/] - Initializing Spring embedded WebApplicationContext
2026-08-11 16:04:34.410 INFO  o.s.b.w.s.c.ServletWebServerApplicationContext - Root WebApplicationContext: initialization completed in 353 ms
2026-08-11 16:04:34.548 INFO  o.h.jpa.internal.util.LogHelper - HHH000204: Processing PersistenceUnitInfo [name: default]
2026-08-11 16:04:34.550 INFO  o.h.c.i.RegionFactoryInitiator - HHH000026: Second-level cache disabled
2026-08-11 16:04:34.550 INFO  o.s.o.j.p.SpringPersistenceUnitInfo - No LoadTimeWeaver setup: ignoring JPA class transformer
2026-08-11 16:04:34.550 INFO  com.zaxxer.hikari.HikariDataSource - HikariPool-3 - Starting...
2026-08-11 16:04:34.564 INFO  com.zaxxer.hikari.pool.HikariPool - HikariPool-3 - Added connection com.mysql.cj.jdbc.ConnectionImpl@33549f64
2026-08-11 16:04:34.564 INFO  com.zaxxer.hikari.HikariDataSource - HikariPool-3 - Start completed.
2026-08-11 16:04:34.610 INFO  o.h.e.t.j.p.i.JtaPlatformInitiator - HHH000489: No JTA platform available (set 'hibernate.transaction.jta.platform' to enable JTA platform integration)
2026-08-11 16:04:34.652 INFO  o.s.o.j.LocalContainerEntityManagerFactoryBean - Initialized JPA EntityManagerFactory for persistence unit 'default'
2026-08-11 16:04:34.834 WARN  o.s.b.a.o.j.JpaBaseConfiguration$JpaWebConfiguration - spring.jpa.open-in-view is enabled by default. Therefore, database queries may be performed during view rendering. Explicitly configure spring.jpa.open-in-view to disable this warning
2026-08-11 16:04:34.852 INFO  o.s.b.a.w.s.WelcomePageHandlerMapping - Adding welcome page template: index
2026-08-11 16:04:35.157 INFO  o.s.b.d.a.OptionalLiveReloadServer - LiveReload server is running on port 35729
2026-08-11 16:04:35.164 INFO  o.s.b.a.e.web.EndpointLinksResolver - Exposing 1 endpoint(s) beneath base path '/actuator'
2026-08-11 16:04:35.180 INFO  o.a.coyote.http11.Http11NioProtocol - Starting ProtocolHandler ["http-nio-8080"]
2026-08-11 16:04:35.193 INFO  o.s.b.w.e.tomcat.TomcatWebServer - Tomcat started on port 8080 (http) with context path ''
2026-08-11 16:04:35.193 INFO  c.c.UsageLog.UsageLogApplication - Started UsageLogApplication in 1.173 seconds (process running for 829.062)
2026-08-11 16:04:35.201 INFO  o.s.b.d.a.ConditionEvaluationDeltaLoggingListener - Condition evaluation unchanged
2026-08-11 16:05:31.680 INFO  o.s.o.j.LocalContainerEntityManagerFactoryBean - Closing JPA EntityManagerFactory for persistence unit 'default'
2026-08-11 16:05:31.680 INFO  com.zaxxer.hikari.HikariDataSource - HikariPool-3 - Shutdown initiated...
2026-08-11 16:05:31.688 INFO  com.zaxxer.hikari.HikariDataSource - HikariPool-3 - Shutdown completed.
2026-08-11 16:15:56.537 INFO  c.c.UsageLog.UsageLogApplication - Starting UsageLogApplication using Java 22 with PID 7588 (C:\workspace\UsageLog\target\classes started by chote in C:\workspace\UsageLog)
2026-08-11 16:15:56.539 INFO  c.c.UsageLog.UsageLogApplication - No active profile set, falling back to 1 default profile: "default"
2026-08-11 16:15:56.575 INFO  o.s.b.d.e.DevToolsPropertyDefaultsPostProcessor - Devtools property defaults active! Set 'spring.devtools.add-properties' to 'false' to disable
2026-08-11 16:15:56.575 INFO  o.s.b.d.e.DevToolsPropertyDefaultsPostProcessor - For additional web related logging consider setting the 'logging.level.web' property to 'DEBUG'
2026-08-11 16:15:57.255 INFO  o.s.d.r.c.RepositoryConfigurationDelegate - Bootstrapping Spring Data JPA repositories in DEFAULT mode.
2026-08-11 16:15:57.305 INFO  o.s.d.r.c.RepositoryConfigurationDelegate - Finished Spring Data repository scanning in 45 ms. Found 3 JPA repository interfaces.
2026-08-11 16:15:57.867 INFO  o.s.b.w.e.tomcat.TomcatWebServer - Tomcat initialized with port 8080 (http)
2026-08-11 16:15:57.875 INFO  o.a.coyote.http11.Http11NioProtocol - Initializing ProtocolHandler ["http-nio-8080"]
2026-08-11 16:15:57.882 INFO  o.a.catalina.core.StandardService - Starting service [Tomcat]
2026-08-11 16:15:57.882 INFO  o.a.catalina.core.StandardEngine - Starting Servlet engine: [Apache Tomcat/10.1.20]
2026-08-11 16:15:57.937 INFO  o.a.c.c.C.[Tomcat].[localhost].[/] - Initializing Spring embedded WebApplicationContext
2026-08-11 16:15:57.938 INFO  o.s.b.w.s.c.ServletWebServerApplicationContext - Root WebApplicationContext: initialization completed in 1362 ms
2026-08-11 16:15:58.169 INFO  o.h.jpa.internal.util.LogHelper - HHH000204: Processing PersistenceUnitInfo [name: default]
2026-08-11 16:15:58.239 INFO  org.hibernate.Version - HHH000412: Hibernate ORM core version 6.4.4.Final
2026-08-11 16:15:58.269 INFO  o.h.c.i.RegionFactoryInitiator - HHH000026: Second-level cache disabled
2026-08-11 16:15:58.477 INFO  o.s.o.j.p.SpringPersistenceUnitInfo - No LoadTimeWeaver setup: ignoring JPA class transformer
2026-08-11 16:15:58.502 INFO  com.zaxxer.hikari.HikariDataSource - HikariPool-1 - Starting...
2026-08-11 16:15:58.825 INFO  com.zaxxer.hikari.pool.HikariPool - HikariPool-1 - Added connection com.mysql.cj.jdbc.ConnectionImpl@a1ce16e
2026-08-11 16:15:58.825 INFO  com.zaxxer.hikari.HikariDataSource - HikariPool-1 - Start completed.
2026-08-11 16:15:59.555 INFO  o.h.e.t.j.p.i.JtaPlatformInitiator - HHH000489: No JTA platform available (set 'hibernate.transaction.jta.platform' to enable JTA platform integration)
2026-08-11 16:15:59.595 INFO  o.s.o.j.LocalContainerEntityManagerFactoryBean - Initialized JPA EntityManagerFactory for persistence unit 'default'
2026-08-11 16:15:59.790 INFO  o.s.d.j.r.query.QueryEnhancerFactory - Hibernate is in classpath; If applicable, HQL parser will be used.
2026-08-11 16:16:00.455 WARN  o.s.b.a.o.j.JpaBaseConfiguration$JpaWebConfiguration - spring.jpa.open-in-view is enabled by default. Therefore, database queries may be performed during view rendering. Explicitly configure spring.jpa.open-in-view to disable this warning
2026-08-11 16:16:00.487 INFO  o.s.b.a.w.s.WelcomePageHandlerMapping - Adding welcome page template: index
2026-08-11 16:16:00.935 INFO  o.s.b.d.a.OptionalLiveReloadServer - LiveReload server is running on port 35729
2026-08-11 16:16:00.961 INFO  o.s.b.a.e.web.EndpointLinksResolver - Exposing 1 endpoint(s) beneath base path '/actuator'
2026-08-11 16:16:01.045 INFO  o.a.coyote.http11.Http11NioProtocol - Starting ProtocolHandler ["http-nio-8080"]
2026-08-11 16:16:01.075 INFO  o.s.b.w.e.tomcat.TomcatWebServer - Tomcat started on port 8080 (http) with context path ''
2026-08-11 16:16:01.092 INFO  c.c.UsageLog.UsageLogApplication - Started UsageLogApplication in 5.157 seconds (process running for 5.55)
2026-08-11 16:19:43.638 INFO  o.a.c.c.C.[Tomcat].[localhost].[/] - Initializing Spring DispatcherServlet 'dispatcherServlet'
2026-08-11 16:19:43.639 INFO  o.s.web.servlet.DispatcherServlet - Initializing Servlet 'dispatcherServlet'
2026-08-11 16:19:43.641 INFO  o.s.web.servlet.DispatcherServlet - Completed initialization in 1 ms
2026-08-11 16:19:52.591 INFO  c.c.UsageLog.service.UsageService - 行番号：1
2026-08-11 16:19:52.592 INFO  c.c.UsageLog.service.UsageService - 行番号：2
2026-08-11 16:19:52.593 INFO  c.c.UsageLog.service.UsageService - 購入内容：マスター国内利用　MZZ ｲｵﾝ ﾐﾉｵ
2026-08-11 16:19:52.593 INFO  c.c.UsageLog.service.UsageService - 金額：1030
2026-08-11 16:19:52.594 INFO  c.c.UsageLog.service.UsageService - 購入日：2026-07-30
2026-08-11 16:19:52.594 INFO  c.c.UsageLog.service.UsageService - 行番号：3
2026-08-11 16:19:52.595 INFO  c.c.UsageLog.service.UsageService - 購入内容：マスター国内利用　MZZ APPLE COM BILL
2026-08-11 16:19:52.595 INFO  c.c.UsageLog.service.UsageService - 金額：1280
2026-08-11 16:19:52.596 INFO  c.c.UsageLog.service.UsageService - 購入日：2026-07-29
2026-08-11 16:19:52.596 INFO  c.c.UsageLog.service.UsageService - 行番号：4
2026-08-11 16:19:52.597 INFO  c.c.UsageLog.service.UsageService - 購入内容：エスト　7115462052177 04554
2026-08-11 16:19:52.597 INFO  c.c.UsageLog.service.UsageService - 金額：990
2026-08-11 16:19:52.597 INFO  c.c.UsageLog.service.UsageService - 購入日：2026-07-29
2026-08-11 16:19:52.597 INFO  c.c.UsageLog.service.UsageService - 行番号：5
2026-08-11 16:19:52.598 INFO  c.c.UsageLog.service.UsageService - 購入内容：セブン－イレブン
2026-08-11 16:19:52.598 INFO  c.c.UsageLog.service.UsageService - 金額：321
2026-08-11 16:19:52.598 INFO  c.c.UsageLog.service.UsageService - 購入日：2026-07-27
2026-08-11 16:19:52.598 INFO  c.c.UsageLog.service.UsageService - 行番号：6
2026-08-11 16:19:52.598 INFO  c.c.UsageLog.service.UsageService - 購入内容：マスター国内利用　MZZ ﾎﾜｲﾃｲｳﾒﾀﾞ/NFC
2026-08-11 16:19:52.598 INFO  c.c.UsageLog.service.UsageService - 金額：880
2026-08-11 16:19:52.598 INFO  c.c.UsageLog.service.UsageService - 購入日：2026-07-27
2026-08-11 16:19:52.599 INFO  c.c.UsageLog.service.UsageService - 行番号：7
2026-08-11 16:19:52.599 INFO  c.c.UsageLog.service.UsageService - 購入内容：マスター国内利用　MZZ ﾌｱﾐﾘ-ﾏ-ﾄﾐﾉｵﾆｼｼﾞﾕ
2026-08-11 16:19:52.599 INFO  c.c.UsageLog.service.UsageService - 金額：1109
2026-08-11 16:19:52.600 INFO  c.c.UsageLog.service.UsageService - 購入日：2026-07-26
2026-08-11 16:19:52.600 INFO  c.c.UsageLog.service.UsageService - 行番号：8
2026-08-11 16:19:52.600 INFO  c.c.UsageLog.service.UsageService - 購入内容：マスター国内利用　MZZ ﾓﾊﾞｲﾙｲｺｶﾁﾔ-ｼﾞ
2026-08-11 16:19:52.601 INFO  c.c.UsageLog.service.UsageService - 金額：5000
2026-08-11 16:19:52.601 INFO  c.c.UsageLog.service.UsageService - 購入日：2026-07-26
2026-08-11 16:19:52.601 INFO  c.c.UsageLog.service.UsageService - 行番号：9
2026-08-11 16:19:52.602 INFO  c.c.UsageLog.service.UsageService - 購入内容：マスター国内利用　MZZ ﾌﾞﾂｸｵﾌﾐﾉｵｼﾔｸｼﾖﾏｴ
2026-08-11 16:19:52.602 INFO  c.c.UsageLog.service.UsageService - 金額：1336
2026-08-11 16:19:52.603 INFO  c.c.UsageLog.service.UsageService - 購入日：2026-07-25
2026-08-11 16:19:52.603 INFO  c.c.UsageLog.service.UsageService - 行番号：10
2026-08-11 16:19:52.604 INFO  c.c.UsageLog.service.UsageService - 購入内容：海外利用　１　GITHUB
2026-08-11 16:19:52.604 INFO  c.c.UsageLog.service.UsageService - 金額：1回払い
2026-08-11 16:19:52.611 ERROR o.a.c.c.C.[.[.[.[dispatcherServlet] - Servlet.service() for servlet [dispatcherServlet] in context with path [] threw exception [Request processing failed: java.lang.NumberFormatException: For input string: "1回払い"] with root cause
java.lang.NumberFormatException: For input string: "1回払い"
	at java.base/java.lang.NumberFormatException.forInputString(NumberFormatException.java:67)
	at java.base/java.lang.Integer.parseInt(Integer.java:588)
	at java.base/java.lang.Integer.parseInt(Integer.java:685)
	at com.chotetsu.UsageLog.service.UsageService.parseRakutenCsv(UsageService.java:125)
	at java.base/jdk.internal.reflect.DirectMethodHandleAccessor.invoke(DirectMethodHandleAccessor.java:103)
	at java.base/java.lang.reflect.Method.invoke(Method.java:580)
	at org.springframework.aop.support.AopUtils.invokeJoinpointUsingReflection(AopUtils.java:354)
	at org.springframework.aop.framework.CglibAopProxy$DynamicAdvisedInterceptor.intercept(CglibAopProxy.java:716)
	at com.chotetsu.UsageLog.service.UsageService$$SpringCGLIB$$0.parseRakutenCsv(<generated>)
	at com.chotetsu.UsageLog.controller.CsvUploadController.uploadCsv(CsvUploadController.java:48)
	at java.base/jdk.internal.reflect.DirectMethodHandleAccessor.invoke(DirectMethodHandleAccessor.java:103)
	at java.base/java.lang.reflect.Method.invoke(Method.java:580)
	at org.springframework.web.method.support.InvocableHandlerMethod.doInvoke(InvocableHandlerMethod.java:255)
	at org.springframework.web.method.support.InvocableHandlerMethod.invokeForRequest(InvocableHandlerMethod.java:188)
	at org.springframework.web.servlet.mvc.method.annotation.ServletInvocableHandlerMethod.invokeAndHandle(ServletInvocableHandlerMethod.java:118)
	at org.springframework.web.servlet.mvc.method.annotation.RequestMappingHandlerAdapter.invokeHandlerMethod(RequestMappingHandlerAdapter.java:926)
	at org.springframework.web.servlet.mvc.method.annotation.RequestMappingHandlerAdapter.handleInternal(RequestMappingHandlerAdapter.java:831)
	at org.springframework.web.servlet.mvc.method.AbstractHandlerMethodAdapter.handle(AbstractHandlerMethodAdapter.java:87)
	at org.springframework.web.servlet.DispatcherServlet.doDispatch(DispatcherServlet.java:1089)
	at org.springframework.web.servlet.DispatcherServlet.doService(DispatcherServlet.java:979)
	at org.springframework.web.servlet.FrameworkServlet.processRequest(FrameworkServlet.java:1014)
	at org.springframework.web.servlet.FrameworkServlet.doPost(FrameworkServlet.java:914)
	at jakarta.servlet.http.HttpServlet.service(HttpServlet.java:590)
	at org.springframework.web.servlet.FrameworkServlet.service(FrameworkServlet.java:885)
	at jakarta.servlet.http.HttpServlet.service(HttpServlet.java:658)
	at org.apache.catalina.core.ApplicationFilterChain.internalDoFilter(ApplicationFilterChain.java:206)
	at org.apache.catalina.core.ApplicationFilterChain.doFilter(ApplicationFilterChain.java:150)
	at org.apache.tomcat.websocket.server.WsFilter.doFilter(WsFilter.java:51)
	at org.apache.catalina.core.ApplicationFilterChain.internalDoFilter(ApplicationFilterChain.java:175)
	at org.apache.catalina.core.ApplicationFilterChain.doFilter(ApplicationFilterChain.java:150)
	at org.springframework.web.filter.RequestContextFilter.doFilterInternal(RequestContextFilter.java:100)
	at org.springframework.web.filter.OncePerRequestFilter.doFilter(OncePerRequestFilter.java:116)
	at org.apache.catalina.core.ApplicationFilterChain.internalDoFilter(ApplicationFilterChain.java:175)
	at org.apache.catalina.core.ApplicationFilterChain.doFilter(ApplicationFilterChain.java:150)
	at org.springframework.web.filter.FormContentFilter.doFilterInternal(FormContentFilter.java:93)
	at org.springframework.web.filter.OncePerRequestFilter.doFilter(OncePerRequestFilter.java:116)
	at org.apache.catalina.core.ApplicationFilterChain.internalDoFilter(ApplicationFilterChain.java:175)
	at org.apache.catalina.core.ApplicationFilterChain.doFilter(ApplicationFilterChain.java:150)
	at org.springframework.web.filter.ServerHttpObservationFilter.doFilterInternal(ServerHttpObservationFilter.java:109)
	at org.springframework.web.filter.OncePerRequestFilter.doFilter(OncePerRequestFilter.java:116)
	at org.apache.catalina.core.ApplicationFilterChain.internalDoFilter(ApplicationFilterChain.java:175)
	at org.apache.catalina.core.ApplicationFilterChain.doFilter(ApplicationFilterChain.java:150)
	at org.springframework.web.filter.CharacterEncodingFilter.doFilterInternal(CharacterEncodingFilter.java:201)
	at org.springframework.web.filter.OncePerRequestFilter.doFilter(OncePerRequestFilter.java:116)
	at org.apache.catalina.core.ApplicationFilterChain.internalDoFilter(ApplicationFilterChain.java:175)
	at org.apache.catalina.core.ApplicationFilterChain.doFilter(ApplicationFilterChain.java:150)
	at org.apache.catalina.core.StandardWrapperValve.invoke(StandardWrapperValve.java:167)
	at org.apache.catalina.core.StandardContextValve.invoke(StandardContextValve.java:90)
	at org.apache.catalina.authenticator.AuthenticatorBase.invoke(AuthenticatorBase.java:482)
	at org.apache.catalina.core.StandardHostValve.invoke(StandardHostValve.java:115)
	at org.apache.catalina.valves.ErrorReportValve.invoke(ErrorReportValve.java:93)
	at org.apache.catalina.core.StandardEngineValve.invoke(StandardEngineValve.java:74)
	at org.apache.catalina.connector.CoyoteAdapter.service(CoyoteAdapter.java:344)
	at org.apache.coyote.http11.Http11Processor.service(Http11Processor.java:391)
	at org.apache.coyote.AbstractProcessorLight.process(AbstractProcessorLight.java:63)
	at org.apache.coyote.AbstractProtocol$ConnectionHandler.process(AbstractProtocol.java:896)
	at org.apache.tomcat.util.net.NioEndpoint$SocketProcessor.doRun(NioEndpoint.java:1736)
	at org.apache.tomcat.util.net.SocketProcessorBase.run(SocketProcessorBase.java:52)
	at org.apache.tomcat.util.threads.ThreadPoolExecutor.runWorker(ThreadPoolExecutor.java:1191)
	at org.apache.tomcat.util.threads.ThreadPoolExecutor$Worker.run(ThreadPoolExecutor.java:659)
	at org.apache.tomcat.util.threads.TaskThread$WrappingRunnable.run(TaskThread.java:63)
	at java.base/java.lang.Thread.run(Thread.java:1570)
2026-08-11 16:32:09.534 INFO  o.s.b.d.a.LocalDevToolsAutoConfiguration$RestartingClassPathChangeChangedEventListener - Restarting due to 1 class path change (1 addition, 0 deletions, 0 modifications)
2026-08-11 16:32:09.546 INFO  o.a.coyote.http11.Http11NioProtocol - Stopping ProtocolHandler ["http-nio-8080"]
2026-08-11 16:32:09.565 INFO  o.s.o.j.LocalContainerEntityManagerFactoryBean - Closing JPA EntityManagerFactory for persistence unit 'default'
2026-08-11 16:32:09.576 INFO  com.zaxxer.hikari.HikariDataSource - HikariPool-1 - Shutdown initiated...
2026-08-11 16:32:09.603 INFO  com.zaxxer.hikari.HikariDataSource - HikariPool-1 - Shutdown completed.
2026-08-11 16:32:09.703 INFO  c.c.UsageLog.UsageLogApplication - Starting UsageLogApplication using Java 22 with PID 7588 (C:\workspace\UsageLog\target\classes started by chote in C:\workspace\UsageLog)
2026-08-11 16:32:09.704 INFO  c.c.UsageLog.UsageLogApplication - No active profile set, falling back to 1 default profile: "default"
2026-08-11 16:32:09.945 INFO  o.s.d.r.c.RepositoryConfigurationDelegate - Bootstrapping Spring Data JPA repositories in DEFAULT mode.
2026-08-11 16:32:09.956 INFO  o.s.d.r.c.RepositoryConfigurationDelegate - Finished Spring Data repository scanning in 10 ms. Found 3 JPA repository interfaces.
2026-08-11 16:32:10.138 INFO  o.s.b.w.e.tomcat.TomcatWebServer - Tomcat initialized with port 8080 (http)
2026-08-11 16:32:10.138 INFO  o.a.coyote.http11.Http11NioProtocol - Initializing ProtocolHandler ["http-nio-8080"]
2026-08-11 16:32:10.138 INFO  o.a.catalina.core.StandardService - Starting service [Tomcat]
2026-08-11 16:32:10.138 INFO  o.a.catalina.core.StandardEngine - Starting Servlet engine: [Apache Tomcat/10.1.20]
2026-08-11 16:32:10.155 INFO  o.a.c.c.C.[Tomcat].[localhost].[/] - Initializing Spring embedded WebApplicationContext
2026-08-11 16:32:10.155 INFO  o.s.b.w.s.c.ServletWebServerApplicationContext - Root WebApplicationContext: initialization completed in 449 ms
2026-08-11 16:32:10.257 INFO  o.h.jpa.internal.util.LogHelper - HHH000204: Processing PersistenceUnitInfo [name: default]
2026-08-11 16:32:10.258 INFO  o.h.c.i.RegionFactoryInitiator - HHH000026: Second-level cache disabled
2026-08-11 16:32:10.258 INFO  o.s.o.j.p.SpringPersistenceUnitInfo - No LoadTimeWeaver setup: ignoring JPA class transformer
2026-08-11 16:32:10.258 INFO  com.zaxxer.hikari.HikariDataSource - HikariPool-2 - Starting...
2026-08-11 16:32:10.282 INFO  com.zaxxer.hikari.pool.HikariPool - HikariPool-2 - Added connection com.mysql.cj.jdbc.ConnectionImpl@6c5182f1
2026-08-11 16:32:10.282 INFO  com.zaxxer.hikari.HikariDataSource - HikariPool-2 - Start completed.
2026-08-11 16:32:10.338 INFO  o.h.e.t.j.p.i.JtaPlatformInitiator - HHH000489: No JTA platform available (set 'hibernate.transaction.jta.platform' to enable JTA platform integration)
2026-08-11 16:32:10.343 INFO  o.s.o.j.LocalContainerEntityManagerFactoryBean - Initialized JPA EntityManagerFactory for persistence unit 'default'
2026-08-11 16:32:10.488 WARN  o.s.b.a.o.j.JpaBaseConfiguration$JpaWebConfiguration - spring.jpa.open-in-view is enabled by default. Therefore, database queries may be performed during view rendering. Explicitly configure spring.jpa.open-in-view to disable this warning
2026-08-11 16:32:10.514 INFO  o.s.b.a.w.s.WelcomePageHandlerMapping - Adding welcome page template: index
2026-08-11 16:32:10.788 INFO  o.s.b.d.a.OptionalLiveReloadServer - LiveReload server is running on port 35729
2026-08-11 16:32:10.799 INFO  o.s.b.a.e.web.EndpointLinksResolver - Exposing 1 endpoint(s) beneath base path '/actuator'
2026-08-11 16:32:10.818 INFO  o.a.coyote.http11.Http11NioProtocol - Starting ProtocolHandler ["http-nio-8080"]
2026-08-11 16:32:10.832 INFO  o.s.b.w.e.tomcat.TomcatWebServer - Tomcat started on port 8080 (http) with context path ''
2026-08-11 16:32:10.832 INFO  c.c.UsageLog.UsageLogApplication - Started UsageLogApplication in 1.16 seconds (process running for 975.295)
2026-08-11 16:32:10.840 INFO  o.s.b.d.a.ConditionEvaluationDeltaLoggingListener - Condition evaluation unchanged
2026-08-11 16:32:33.419 INFO  o.s.o.j.LocalContainerEntityManagerFactoryBean - Closing JPA EntityManagerFactory for persistence unit 'default'
2026-08-11 16:32:33.419 INFO  com.zaxxer.hikari.HikariDataSource - HikariPool-2 - Shutdown initiated...
2026-08-11 16:32:33.430 INFO  com.zaxxer.hikari.HikariDataSource - HikariPool-2 - Shutdown completed.
2026-08-11 16:33:40.542 INFO  c.c.U.UsageLogApplicationTests - Starting UsageLogApplicationTests using Java 22 with PID 13788 (started by chote in C:\workspace\UsageLog)
2026-08-11 16:33:40.542 INFO  c.c.U.UsageLogApplicationTests - No active profile set, falling back to 1 default profile: "default"
2026-08-11 16:33:41.699 INFO  o.s.d.r.c.RepositoryConfigurationDelegate - Bootstrapping Spring Data JPA repositories in DEFAULT mode.
2026-08-11 16:33:41.793 INFO  o.s.d.r.c.RepositoryConfigurationDelegate - Finished Spring Data repository scanning in 80 ms. Found 3 JPA repository interfaces.
2026-08-11 16:33:42.599 INFO  o.h.jpa.internal.util.LogHelper - HHH000204: Processing PersistenceUnitInfo [name: default]
2026-08-11 16:33:42.699 INFO  org.hibernate.Version - HHH000412: Hibernate ORM core version 6.4.4.Final
2026-08-11 16:33:42.749 INFO  o.h.c.i.RegionFactoryInitiator - HHH000026: Second-level cache disabled
2026-08-11 16:33:43.131 INFO  o.s.o.j.p.SpringPersistenceUnitInfo - No LoadTimeWeaver setup: ignoring JPA class transformer
2026-08-11 16:33:43.169 INFO  com.zaxxer.hikari.HikariDataSource - HikariPool-1 - Starting...
2026-08-11 16:33:43.559 INFO  com.zaxxer.hikari.pool.HikariPool - HikariPool-1 - Added connection com.mysql.cj.jdbc.ConnectionImpl@6150afc6
2026-08-11 16:33:43.559 INFO  com.zaxxer.hikari.HikariDataSource - HikariPool-1 - Start completed.
2026-08-11 16:33:44.549 INFO  o.h.e.t.j.p.i.JtaPlatformInitiator - HHH000489: No JTA platform available (set 'hibernate.transaction.jta.platform' to enable JTA platform integration)
2026-08-11 16:33:44.597 INFO  o.s.o.j.LocalContainerEntityManagerFactoryBean - Initialized JPA EntityManagerFactory for persistence unit 'default'
2026-08-11 16:33:44.979 INFO  o.s.d.j.r.query.QueryEnhancerFactory - Hibernate is in classpath; If applicable, HQL parser will be used.
2026-08-11 16:33:46.129 WARN  o.s.b.a.o.j.JpaBaseConfiguration$JpaWebConfiguration - spring.jpa.open-in-view is enabled by default. Therefore, database queries may be performed during view rendering. Explicitly configure spring.jpa.open-in-view to disable this warning
2026-08-11 16:33:46.169 INFO  o.s.b.a.w.s.WelcomePageHandlerMapping - Adding welcome page template: index
2026-08-11 16:33:47.252 INFO  o.s.b.a.e.web.EndpointLinksResolver - Exposing 1 endpoint(s) beneath base path '/actuator'
2026-08-11 16:33:47.369 INFO  c.c.U.UsageLogApplicationTests - Started UsageLogApplicationTests in 7.36 seconds (process running for 8.57)
2026-08-11 16:33:48.357 INFO  o.s.o.j.LocalContainerEntityManagerFactoryBean - Closing JPA EntityManagerFactory for persistence unit 'default'
2026-08-11 16:33:48.362 INFO  com.zaxxer.hikari.HikariDataSource - HikariPool-1 - Shutdown initiated...
2026-08-11 16:33:48.373 INFO  com.zaxxer.hikari.HikariDataSource - HikariPool-1 - Shutdown completed.
2026-08-11 16:34:42.595 INFO  c.c.UsageLog.UsageLogApplication - Starting UsageLogApplication using Java 22 with PID 14168 (C:\workspace\UsageLog\target\classes started by chote in C:\workspace\UsageLog)
2026-08-11 16:34:42.599 INFO  c.c.UsageLog.UsageLogApplication - No active profile set, falling back to 1 default profile: "default"
2026-08-11 16:34:42.641 INFO  o.s.b.d.e.DevToolsPropertyDefaultsPostProcessor - Devtools property defaults active! Set 'spring.devtools.add-properties' to 'false' to disable
2026-08-11 16:34:42.641 INFO  o.s.b.d.e.DevToolsPropertyDefaultsPostProcessor - For additional web related logging consider setting the 'logging.level.web' property to 'DEBUG'
2026-08-11 16:34:43.529 INFO  o.s.d.r.c.RepositoryConfigurationDelegate - Bootstrapping Spring Data JPA repositories in DEFAULT mode.
2026-08-11 16:34:43.579 INFO  o.s.d.r.c.RepositoryConfigurationDelegate - Finished Spring Data repository scanning in 44 ms. Found 3 JPA repository interfaces.
2026-08-11 16:34:44.229 INFO  o.s.b.w.e.tomcat.TomcatWebServer - Tomcat initialized with port 8080 (http)
2026-08-11 16:34:44.242 INFO  o.a.coyote.http11.Http11NioProtocol - Initializing ProtocolHandler ["http-nio-8080"]
2026-08-11 16:34:44.249 INFO  o.a.catalina.core.StandardService - Starting service [Tomcat]
2026-08-11 16:34:44.251 INFO  o.a.catalina.core.StandardEngine - Starting Servlet engine: [Apache Tomcat/10.1.20]
2026-08-11 16:34:44.292 INFO  o.a.c.c.C.[Tomcat].[localhost].[/] - Initializing Spring embedded WebApplicationContext
2026-08-11 16:34:44.292 INFO  o.s.b.w.s.c.ServletWebServerApplicationContext - Root WebApplicationContext: initialization completed in 1651 ms
2026-08-11 16:34:44.548 INFO  o.h.jpa.internal.util.LogHelper - HHH000204: Processing PersistenceUnitInfo [name: default]
2026-08-11 16:34:44.589 INFO  org.hibernate.Version - HHH000412: Hibernate ORM core version 6.4.4.Final
2026-08-11 16:34:44.613 INFO  o.h.c.i.RegionFactoryInitiator - HHH000026: Second-level cache disabled
2026-08-11 16:34:44.779 INFO  o.s.o.j.p.SpringPersistenceUnitInfo - No LoadTimeWeaver setup: ignoring JPA class transformer
2026-08-11 16:34:44.799 INFO  com.zaxxer.hikari.HikariDataSource - HikariPool-1 - Starting...
2026-08-11 16:34:45.049 INFO  com.zaxxer.hikari.pool.HikariPool - HikariPool-1 - Added connection com.mysql.cj.jdbc.ConnectionImpl@7fa8a7e8
2026-08-11 16:34:45.049 INFO  com.zaxxer.hikari.HikariDataSource - HikariPool-1 - Start completed.
2026-08-11 16:34:45.779 INFO  o.h.e.t.j.p.i.JtaPlatformInitiator - HHH000489: No JTA platform available (set 'hibernate.transaction.jta.platform' to enable JTA platform integration)
2026-08-11 16:34:45.819 INFO  o.s.o.j.LocalContainerEntityManagerFactoryBean - Initialized JPA EntityManagerFactory for persistence unit 'default'
2026-08-11 16:34:46.019 INFO  o.s.d.j.r.query.QueryEnhancerFactory - Hibernate is in classpath; If applicable, HQL parser will be used.
2026-08-11 16:34:46.678 WARN  o.s.b.a.o.j.JpaBaseConfiguration$JpaWebConfiguration - spring.jpa.open-in-view is enabled by default. Therefore, database queries may be performed during view rendering. Explicitly configure spring.jpa.open-in-view to disable this warning
2026-08-11 16:34:46.711 INFO  o.s.b.a.w.s.WelcomePageHandlerMapping - Adding welcome page template: index
2026-08-11 16:34:47.199 INFO  o.s.b.d.a.OptionalLiveReloadServer - LiveReload server is running on port 35729
2026-08-11 16:34:47.211 INFO  o.s.b.a.e.web.EndpointLinksResolver - Exposing 1 endpoint(s) beneath base path '/actuator'
2026-08-11 16:34:47.269 INFO  o.a.coyote.http11.Http11NioProtocol - Starting ProtocolHandler ["http-nio-8080"]
2026-08-11 16:34:47.295 INFO  o.s.b.w.e.tomcat.TomcatWebServer - Tomcat started on port 8080 (http) with context path ''
2026-08-11 16:34:47.299 INFO  c.c.UsageLog.UsageLogApplication - Started UsageLogApplication in 5.209 seconds (process running for 5.596)
2026-08-11 16:35:24.791 INFO  o.s.b.d.a.LocalDevToolsAutoConfiguration$RestartingClassPathChangeChangedEventListener - Restarting due to 2 class path changes (0 additions, 0 deletions, 2 modifications)
2026-08-11 16:35:24.799 INFO  o.a.coyote.http11.Http11NioProtocol - Stopping ProtocolHandler ["http-nio-8080"]
2026-08-11 16:35:24.807 INFO  o.s.o.j.LocalContainerEntityManagerFactoryBean - Closing JPA EntityManagerFactory for persistence unit 'default'
2026-08-11 16:35:24.813 INFO  com.zaxxer.hikari.HikariDataSource - HikariPool-1 - Shutdown initiated...
2026-08-11 16:35:24.822 INFO  com.zaxxer.hikari.HikariDataSource - HikariPool-1 - Shutdown completed.
2026-08-11 16:35:24.921 INFO  c.c.UsageLog.UsageLogApplication - Starting UsageLogApplication using Java 22 with PID 14168 (C:\workspace\UsageLog\target\classes started by chote in C:\workspace\UsageLog)
2026-08-11 16:35:24.922 INFO  c.c.UsageLog.UsageLogApplication - No active profile set, falling back to 1 default profile: "default"
2026-08-11 16:35:25.135 INFO  o.s.d.r.c.RepositoryConfigurationDelegate - Bootstrapping Spring Data JPA repositories in DEFAULT mode.
2026-08-11 16:35:25.147 INFO  o.s.d.r.c.RepositoryConfigurationDelegate - Finished Spring Data repository scanning in 11 ms. Found 3 JPA repository interfaces.
2026-08-11 16:35:25.269 INFO  o.s.b.w.e.tomcat.TomcatWebServer - Tomcat initialized with port 8080 (http)
2026-08-11 16:35:25.269 INFO  o.a.coyote.http11.Http11NioProtocol - Initializing ProtocolHandler ["http-nio-8080"]
2026-08-11 16:35:25.269 INFO  o.a.catalina.core.StandardService - Starting service [Tomcat]
2026-08-11 16:35:25.269 INFO  o.a.catalina.core.StandardEngine - Starting Servlet engine: [Apache Tomcat/10.1.20]
2026-08-11 16:35:25.308 INFO  o.a.c.c.C.[Tomcat].[localhost].[/] - Initializing Spring embedded WebApplicationContext
2026-08-11 16:35:25.308 INFO  o.s.b.w.s.c.ServletWebServerApplicationContext - Root WebApplicationContext: initialization completed in 384 ms
2026-08-11 16:35:25.414 INFO  o.h.jpa.internal.util.LogHelper - HHH000204: Processing PersistenceUnitInfo [name: default]
2026-08-11 16:35:25.416 INFO  o.h.c.i.RegionFactoryInitiator - HHH000026: Second-level cache disabled
2026-08-11 16:35:25.420 INFO  o.s.o.j.p.SpringPersistenceUnitInfo - No LoadTimeWeaver setup: ignoring JPA class transformer
2026-08-11 16:35:25.422 INFO  com.zaxxer.hikari.HikariDataSource - HikariPool-2 - Starting...
2026-08-11 16:35:25.436 INFO  com.zaxxer.hikari.pool.HikariPool - HikariPool-2 - Added connection com.mysql.cj.jdbc.ConnectionImpl@2562884c
2026-08-11 16:35:25.436 INFO  com.zaxxer.hikari.HikariDataSource - HikariPool-2 - Start completed.
2026-08-11 16:35:25.491 INFO  o.h.e.t.j.p.i.JtaPlatformInitiator - HHH000489: No JTA platform available (set 'hibernate.transaction.jta.platform' to enable JTA platform integration)
2026-08-11 16:35:25.498 INFO  o.s.o.j.LocalContainerEntityManagerFactoryBean - Initialized JPA EntityManagerFactory for persistence unit 'default'
2026-08-11 16:35:25.660 WARN  o.s.b.a.o.j.JpaBaseConfiguration$JpaWebConfiguration - spring.jpa.open-in-view is enabled by default. Therefore, database queries may be performed during view rendering. Explicitly configure spring.jpa.open-in-view to disable this warning
2026-08-11 16:35:25.678 INFO  o.s.b.a.w.s.WelcomePageHandlerMapping - Adding welcome page template: index
2026-08-11 16:35:25.947 INFO  o.s.b.d.a.OptionalLiveReloadServer - LiveReload server is running on port 35729
2026-08-11 16:35:25.949 INFO  o.s.b.a.e.web.EndpointLinksResolver - Exposing 1 endpoint(s) beneath base path '/actuator'
2026-08-11 16:35:25.969 INFO  o.a.coyote.http11.Http11NioProtocol - Starting ProtocolHandler ["http-nio-8080"]
2026-08-11 16:35:25.984 INFO  o.s.b.w.e.tomcat.TomcatWebServer - Tomcat started on port 8080 (http) with context path ''
2026-08-11 16:35:25.990 INFO  c.c.UsageLog.UsageLogApplication - Started UsageLogApplication in 1.104 seconds (process running for 44.28)
2026-08-11 16:35:25.992 INFO  o.s.b.d.a.ConditionEvaluationDeltaLoggingListener - Condition evaluation unchanged
2026-08-11 16:37:24.858 INFO  o.s.b.d.a.LocalDevToolsAutoConfiguration$RestartingClassPathChangeChangedEventListener - Restarting due to 1 class path change (0 additions, 0 deletions, 1 modification)
2026-08-11 16:37:24.860 INFO  o.a.coyote.http11.Http11NioProtocol - Stopping ProtocolHandler ["http-nio-8080"]
2026-08-11 16:37:24.866 INFO  o.s.o.j.LocalContainerEntityManagerFactoryBean - Closing JPA EntityManagerFactory for persistence unit 'default'
2026-08-11 16:37:24.868 INFO  com.zaxxer.hikari.HikariDataSource - HikariPool-2 - Shutdown initiated...
2026-08-11 16:37:24.878 INFO  com.zaxxer.hikari.HikariDataSource - HikariPool-2 - Shutdown completed.
2026-08-11 16:37:24.962 INFO  c.c.UsageLog.UsageLogApplication - Starting UsageLogApplication using Java 22 with PID 14168 (C:\workspace\UsageLog\target\classes started by chote in C:\workspace\UsageLog)
2026-08-11 16:37:24.963 INFO  c.c.UsageLog.UsageLogApplication - No active profile set, falling back to 1 default profile: "default"
2026-08-11 16:37:25.164 INFO  o.s.d.r.c.RepositoryConfigurationDelegate - Bootstrapping Spring Data JPA repositories in DEFAULT mode.
2026-08-11 16:37:25.174 INFO  o.s.d.r.c.RepositoryConfigurationDelegate - Finished Spring Data repository scanning in 10 ms. Found 3 JPA repository interfaces.
2026-08-11 16:37:25.334 INFO  o.s.b.w.e.tomcat.TomcatWebServer - Tomcat initialized with port 8080 (http)
2026-08-11 16:37:25.340 INFO  o.a.coyote.http11.Http11NioProtocol - Initializing ProtocolHandler ["http-nio-8080"]
2026-08-11 16:37:25.340 INFO  o.a.catalina.core.StandardService - Starting service [Tomcat]
2026-08-11 16:37:25.340 INFO  o.a.catalina.core.StandardEngine - Starting Servlet engine: [Apache Tomcat/10.1.20]
2026-08-11 16:37:25.358 INFO  o.a.c.c.C.[Tomcat].[localhost].[/] - Initializing Spring embedded WebApplicationContext
2026-08-11 16:37:25.358 INFO  o.s.b.w.s.c.ServletWebServerApplicationContext - Root WebApplicationContext: initialization completed in 394 ms
2026-08-11 16:37:25.475 INFO  o.h.jpa.internal.util.LogHelper - HHH000204: Processing PersistenceUnitInfo [name: default]
2026-08-11 16:37:25.479 INFO  o.h.c.i.RegionFactoryInitiator - HHH000026: Second-level cache disabled
2026-08-11 16:37:25.483 INFO  o.s.o.j.p.SpringPersistenceUnitInfo - No LoadTimeWeaver setup: ignoring JPA class transformer
2026-08-11 16:37:25.485 INFO  com.zaxxer.hikari.HikariDataSource - HikariPool-3 - Starting...
2026-08-11 16:37:25.502 INFO  com.zaxxer.hikari.pool.HikariPool - HikariPool-3 - Added connection com.mysql.cj.jdbc.ConnectionImpl@681ffad4
2026-08-11 16:37:25.502 INFO  com.zaxxer.hikari.HikariDataSource - HikariPool-3 - Start completed.
2026-08-11 16:37:25.561 INFO  o.h.e.t.j.p.i.JtaPlatformInitiator - HHH000489: No JTA platform available (set 'hibernate.transaction.jta.platform' to enable JTA platform integration)
2026-08-11 16:37:25.575 INFO  o.s.o.j.LocalContainerEntityManagerFactoryBean - Initialized JPA EntityManagerFactory for persistence unit 'default'
2026-08-11 16:37:25.748 WARN  o.s.b.a.o.j.JpaBaseConfiguration$JpaWebConfiguration - spring.jpa.open-in-view is enabled by default. Therefore, database queries may be performed during view rendering. Explicitly configure spring.jpa.open-in-view to disable this warning
2026-08-11 16:37:25.769 INFO  o.s.b.a.w.s.WelcomePageHandlerMapping - Adding welcome page template: index
2026-08-11 16:37:26.118 INFO  o.s.b.d.a.OptionalLiveReloadServer - LiveReload server is running on port 35729
2026-08-11 16:37:26.132 INFO  o.s.b.a.e.web.EndpointLinksResolver - Exposing 1 endpoint(s) beneath base path '/actuator'
2026-08-11 16:37:26.148 INFO  o.a.coyote.http11.Http11NioProtocol - Starting ProtocolHandler ["http-nio-8080"]
2026-08-11 16:37:26.171 INFO  o.s.b.w.e.tomcat.TomcatWebServer - Tomcat started on port 8080 (http) with context path ''
2026-08-11 16:37:26.177 INFO  c.c.UsageLog.UsageLogApplication - Started UsageLogApplication in 1.242 seconds (process running for 164.467)
2026-08-11 16:37:26.179 INFO  o.s.b.d.a.ConditionEvaluationDeltaLoggingListener - Condition evaluation unchanged
2026-08-11 16:37:39.510 INFO  c.c.UsageLog.UsageLogApplication - Starting UsageLogApplication using Java 22 with PID 16160 (C:\workspace\UsageLog\target\classes started by chote in C:\workspace\UsageLog)
2026-08-11 16:37:39.510 INFO  c.c.UsageLog.UsageLogApplication - No active profile set, falling back to 1 default profile: "default"
2026-08-11 16:37:39.558 INFO  o.s.b.d.e.DevToolsPropertyDefaultsPostProcessor - Devtools property defaults active! Set 'spring.devtools.add-properties' to 'false' to disable
2026-08-11 16:37:39.559 INFO  o.s.b.d.e.DevToolsPropertyDefaultsPostProcessor - For additional web related logging consider setting the 'logging.level.web' property to 'DEBUG'
2026-08-11 16:37:40.434 INFO  o.s.d.r.c.RepositoryConfigurationDelegate - Bootstrapping Spring Data JPA repositories in DEFAULT mode.
2026-08-11 16:37:40.492 INFO  o.s.d.r.c.RepositoryConfigurationDelegate - Finished Spring Data repository scanning in 48 ms. Found 3 JPA repository interfaces.
2026-08-11 16:37:41.198 INFO  o.s.b.w.e.tomcat.TomcatWebServer - Tomcat initialized with port 8080 (http)
2026-08-11 16:37:41.208 INFO  o.a.coyote.http11.Http11NioProtocol - Initializing ProtocolHandler ["http-nio-8080"]
2026-08-11 16:37:41.208 INFO  o.a.catalina.core.StandardService - Starting service [Tomcat]
2026-08-11 16:37:41.208 INFO  o.a.catalina.core.StandardEngine - Starting Servlet engine: [Apache Tomcat/10.1.20]
2026-08-11 16:37:41.265 INFO  o.a.c.c.C.[Tomcat].[localhost].[/] - Initializing Spring embedded WebApplicationContext
2026-08-11 16:37:41.266 INFO  o.s.b.w.s.c.ServletWebServerApplicationContext - Root WebApplicationContext: initialization completed in 1705 ms
2026-08-11 16:37:41.569 INFO  o.h.jpa.internal.util.LogHelper - HHH000204: Processing PersistenceUnitInfo [name: default]
2026-08-11 16:37:41.610 INFO  org.hibernate.Version - HHH000412: Hibernate ORM core version 6.4.4.Final
2026-08-11 16:37:41.644 INFO  o.h.c.i.RegionFactoryInitiator - HHH000026: Second-level cache disabled
2026-08-11 16:37:41.851 INFO  o.s.o.j.p.SpringPersistenceUnitInfo - No LoadTimeWeaver setup: ignoring JPA class transformer
2026-08-11 16:37:41.871 INFO  com.zaxxer.hikari.HikariDataSource - HikariPool-1 - Starting...
2026-08-11 16:37:42.172 INFO  com.zaxxer.hikari.pool.HikariPool - HikariPool-1 - Added connection com.mysql.cj.jdbc.ConnectionImpl@3c1701ee
2026-08-11 16:37:42.178 INFO  com.zaxxer.hikari.HikariDataSource - HikariPool-1 - Start completed.
2026-08-11 16:37:43.028 INFO  o.h.e.t.j.p.i.JtaPlatformInitiator - HHH000489: No JTA platform available (set 'hibernate.transaction.jta.platform' to enable JTA platform integration)
2026-08-11 16:37:43.073 INFO  o.s.o.j.LocalContainerEntityManagerFactoryBean - Initialized JPA EntityManagerFactory for persistence unit 'default'
2026-08-11 16:37:43.318 INFO  o.s.d.j.r.query.QueryEnhancerFactory - Hibernate is in classpath; If applicable, HQL parser will be used.
2026-08-11 16:37:44.102 WARN  o.s.b.a.o.j.JpaBaseConfiguration$JpaWebConfiguration - spring.jpa.open-in-view is enabled by default. Therefore, database queries may be performed during view rendering. Explicitly configure spring.jpa.open-in-view to disable this warning
2026-08-11 16:37:44.148 INFO  o.s.b.a.w.s.WelcomePageHandlerMapping - Adding welcome page template: index
2026-08-11 16:37:44.911 WARN  o.s.b.d.a.OptionalLiveReloadServer - Unable to start LiveReload server
2026-08-11 16:37:44.928 INFO  o.s.b.a.e.web.EndpointLinksResolver - Exposing 1 endpoint(s) beneath base path '/actuator'
2026-08-11 16:37:44.987 INFO  o.a.coyote.http11.Http11NioProtocol - Starting ProtocolHandler ["http-nio-8080"]
2026-08-11 16:37:44.993 WARN  o.s.b.w.s.c.AnnotationConfigServletWebServerApplicationContext - Exception encountered during context initialization - cancelling refresh attempt: org.springframework.context.ApplicationContextException: Failed to start bean 'webServerStartStop'
2026-08-11 16:37:44.995 INFO  o.s.o.j.LocalContainerEntityManagerFactoryBean - Closing JPA EntityManagerFactory for persistence unit 'default'
2026-08-11 16:37:44.999 INFO  com.zaxxer.hikari.HikariDataSource - HikariPool-1 - Shutdown initiated...
2026-08-11 16:37:45.009 INFO  com.zaxxer.hikari.HikariDataSource - HikariPool-1 - Shutdown completed.
2026-08-11 16:37:45.026 INFO  o.s.b.a.l.ConditionEvaluationReportLogger - 

Error starting ApplicationContext. To display the condition evaluation report re-run your application with 'debug' enabled.
2026-08-11 16:37:45.051 ERROR o.s.b.d.LoggingFailureAnalysisReporter - 

***************************
APPLICATION FAILED TO START
***************************

Description:

Web server failed to start. Port 8080 was already in use.

Action:

Identify and stop the process that's listening on port 8080 or configure this application to listen on another port.

2026-08-11 16:38:05.465 INFO  c.c.UsageLog.UsageLogApplication - Starting UsageLogApplication using Java 22 with PID 20556 (C:\workspace\UsageLog\target\classes started by chote in C:\workspace\UsageLog)
2026-08-11 16:38:05.469 INFO  c.c.UsageLog.UsageLogApplication - No active profile set, falling back to 1 default profile: "default"
2026-08-11 16:38:05.531 INFO  o.s.b.d.e.DevToolsPropertyDefaultsPostProcessor - Devtools property defaults active! Set 'spring.devtools.add-properties' to 'false' to disable
2026-08-11 16:38:05.532 INFO  o.s.b.d.e.DevToolsPropertyDefaultsPostProcessor - For additional web related logging consider setting the 'logging.level.web' property to 'DEBUG'
2026-08-11 16:38:06.732 INFO  o.s.d.r.c.RepositoryConfigurationDelegate - Bootstrapping Spring Data JPA repositories in DEFAULT mode.
2026-08-11 16:38:06.803 INFO  o.s.d.r.c.RepositoryConfigurationDelegate - Finished Spring Data repository scanning in 61 ms. Found 3 JPA repository interfaces.
2026-08-11 16:38:07.693 INFO  o.s.b.w.e.tomcat.TomcatWebServer - Tomcat initialized with port 8080 (http)
2026-08-11 16:38:07.712 INFO  o.a.coyote.http11.Http11NioProtocol - Initializing ProtocolHandler ["http-nio-8080"]
2026-08-11 16:38:07.716 INFO  o.a.catalina.core.StandardService - Starting service [Tomcat]
2026-08-11 16:38:07.716 INFO  o.a.catalina.core.StandardEngine - Starting Servlet engine: [Apache Tomcat/10.1.20]
2026-08-11 16:38:07.772 INFO  o.a.c.c.C.[Tomcat].[localhost].[/] - Initializing Spring embedded WebApplicationContext
2026-08-11 16:38:07.774 INFO  o.s.b.w.s.c.ServletWebServerApplicationContext - Root WebApplicationContext: initialization completed in 2242 ms
2026-08-11 16:38:08.145 INFO  o.h.jpa.internal.util.LogHelper - HHH000204: Processing PersistenceUnitInfo [name: default]
2026-08-11 16:38:08.211 INFO  org.hibernate.Version - HHH000412: Hibernate ORM core version 6.4.4.Final
2026-08-11 16:38:08.248 INFO  o.h.c.i.RegionFactoryInitiator - HHH000026: Second-level cache disabled
2026-08-11 16:38:08.510 INFO  o.s.o.j.p.SpringPersistenceUnitInfo - No LoadTimeWeaver setup: ignoring JPA class transformer
2026-08-11 16:38:08.538 INFO  com.zaxxer.hikari.HikariDataSource - HikariPool-1 - Starting...
2026-08-11 16:38:08.960 INFO  com.zaxxer.hikari.pool.HikariPool - HikariPool-1 - Added connection com.mysql.cj.jdbc.ConnectionImpl@39d32983
2026-08-11 16:38:08.960 INFO  com.zaxxer.hikari.HikariDataSource - HikariPool-1 - Start completed.
2026-08-11 16:38:10.192 INFO  o.h.e.t.j.p.i.JtaPlatformInitiator - HHH000489: No JTA platform available (set 'hibernate.transaction.jta.platform' to enable JTA platform integration)
2026-08-11 16:38:10.256 INFO  o.s.o.j.LocalContainerEntityManagerFactoryBean - Initialized JPA EntityManagerFactory for persistence unit 'default'
2026-08-11 16:38:10.598 INFO  o.s.d.j.r.query.QueryEnhancerFactory - Hibernate is in classpath; If applicable, HQL parser will be used.
2026-08-11 16:38:11.588 WARN  o.s.b.a.o.j.JpaBaseConfiguration$JpaWebConfiguration - spring.jpa.open-in-view is enabled by default. Therefore, database queries may be performed during view rendering. Explicitly configure spring.jpa.open-in-view to disable this warning
2026-08-11 16:38:11.645 INFO  o.s.b.a.w.s.WelcomePageHandlerMapping - Adding welcome page template: index
2026-08-11 16:38:12.398 WARN  o.s.b.d.a.OptionalLiveReloadServer - Unable to start LiveReload server
2026-08-11 16:38:12.408 INFO  o.s.b.a.e.web.EndpointLinksResolver - Exposing 1 endpoint(s) beneath base path '/actuator'
2026-08-11 16:38:12.483 INFO  o.a.coyote.http11.Http11NioProtocol - Starting ProtocolHandler ["http-nio-8080"]
2026-08-11 16:38:12.494 WARN  o.s.b.w.s.c.AnnotationConfigServletWebServerApplicationContext - Exception encountered during context initialization - cancelling refresh attempt: org.springframework.context.ApplicationContextException: Failed to start bean 'webServerStartStop'
2026-08-11 16:38:12.496 INFO  o.s.o.j.LocalContainerEntityManagerFactoryBean - Closing JPA EntityManagerFactory for persistence unit 'default'
2026-08-11 16:38:12.500 INFO  com.zaxxer.hikari.HikariDataSource - HikariPool-1 - Shutdown initiated...
2026-08-11 16:38:12.508 INFO  com.zaxxer.hikari.HikariDataSource - HikariPool-1 - Shutdown completed.
2026-08-11 16:38:12.525 INFO  o.s.b.a.l.ConditionEvaluationReportLogger - 

Error starting ApplicationContext. To display the condition evaluation report re-run your application with 'debug' enabled.
2026-08-11 16:38:12.546 ERROR o.s.b.d.LoggingFailureAnalysisReporter - 

***************************
APPLICATION FAILED TO START
***************************

Description:

Web server failed to start. Port 8080 was already in use.

Action:

Identify and stop the process that's listening on port 8080 or configure this application to listen on another port.

2026-08-11 16:41:22.378 INFO  c.c.UsageLog.UsageLogApplication - Starting UsageLogApplication using Java 22 with PID 23184 (C:\workspace\UsageLog\target\classes started by chote in C:\workspace\UsageLog)
2026-08-11 16:41:22.380 INFO  c.c.UsageLog.UsageLogApplication - No active profile set, falling back to 1 default profile: "default"
2026-08-11 16:41:22.425 INFO  o.s.b.d.e.DevToolsPropertyDefaultsPostProcessor - Devtools property defaults active! Set 'spring.devtools.add-properties' to 'false' to disable
2026-08-11 16:41:22.425 INFO  o.s.b.d.e.DevToolsPropertyDefaultsPostProcessor - For additional web related logging consider setting the 'logging.level.web' property to 'DEBUG'
2026-08-11 16:41:23.224 INFO  o.s.d.r.c.RepositoryConfigurationDelegate - Bootstrapping Spring Data JPA repositories in DEFAULT mode.
2026-08-11 16:41:23.279 INFO  o.s.d.r.c.RepositoryConfigurationDelegate - Finished Spring Data repository scanning in 50 ms. Found 3 JPA repository interfaces.
2026-08-11 16:41:23.857 INFO  o.s.b.w.e.tomcat.TomcatWebServer - Tomcat initialized with port 8081 (http)
2026-08-11 16:41:23.868 INFO  o.a.coyote.http11.Http11NioProtocol - Initializing ProtocolHandler ["http-nio-8081"]
2026-08-11 16:41:23.873 INFO  o.a.catalina.core.StandardService - Starting service [Tomcat]
2026-08-11 16:41:23.873 INFO  o.a.catalina.core.StandardEngine - Starting Servlet engine: [Apache Tomcat/10.1.20]
2026-08-11 16:41:23.918 INFO  o.a.c.c.C.[Tomcat].[localhost].[/] - Initializing Spring embedded WebApplicationContext
2026-08-11 16:41:23.918 INFO  o.s.b.w.s.c.ServletWebServerApplicationContext - Root WebApplicationContext: initialization completed in 1492 ms
2026-08-11 16:41:24.187 INFO  o.h.jpa.internal.util.LogHelper - HHH000204: Processing PersistenceUnitInfo [name: default]
2026-08-11 16:41:24.228 INFO  org.hibernate.Version - HHH000412: Hibernate ORM core version 6.4.4.Final
2026-08-11 16:41:24.257 INFO  o.h.c.i.RegionFactoryInitiator - HHH000026: Second-level cache disabled
2026-08-11 16:41:24.458 INFO  o.s.o.j.p.SpringPersistenceUnitInfo - No LoadTimeWeaver setup: ignoring JPA class transformer
2026-08-11 16:41:24.488 INFO  com.zaxxer.hikari.HikariDataSource - HikariPool-1 - Starting...
2026-08-11 16:41:24.855 INFO  com.zaxxer.hikari.pool.HikariPool - HikariPool-1 - Added connection com.mysql.cj.jdbc.ConnectionImpl@2ec957a5
2026-08-11 16:41:24.858 INFO  com.zaxxer.hikari.HikariDataSource - HikariPool-1 - Start completed.
2026-08-11 16:41:25.716 INFO  o.h.e.t.j.p.i.JtaPlatformInitiator - HHH000489: No JTA platform available (set 'hibernate.transaction.jta.platform' to enable JTA platform integration)
2026-08-11 16:41:25.756 INFO  o.s.o.j.LocalContainerEntityManagerFactoryBean - Initialized JPA EntityManagerFactory for persistence unit 'default'
2026-08-11 16:41:26.038 INFO  o.s.d.j.r.query.QueryEnhancerFactory - Hibernate is in classpath; If applicable, HQL parser will be used.
2026-08-11 16:41:26.911 WARN  o.s.b.a.o.j.JpaBaseConfiguration$JpaWebConfiguration - spring.jpa.open-in-view is enabled by default. Therefore, database queries may be performed during view rendering. Explicitly configure spring.jpa.open-in-view to disable this warning
2026-08-11 16:41:26.959 INFO  o.s.b.a.w.s.WelcomePageHandlerMapping - Adding welcome page template: index
2026-08-11 16:41:27.616 INFO  o.s.b.d.a.OptionalLiveReloadServer - LiveReload server is running on port 35729
2026-08-11 16:41:27.631 INFO  o.s.b.a.e.web.EndpointLinksResolver - Exposing 1 endpoint(s) beneath base path '/actuator'
2026-08-11 16:41:27.691 INFO  o.a.coyote.http11.Http11NioProtocol - Starting ProtocolHandler ["http-nio-8081"]
2026-08-11 16:41:27.718 INFO  o.s.b.w.e.tomcat.TomcatWebServer - Tomcat started on port 8081 (http) with context path ''
2026-08-11 16:41:27.730 INFO  c.c.UsageLog.UsageLogApplication - Started UsageLogApplication in 5.863 seconds (process running for 6.261)
2026-08-11 16:41:49.342 INFO  o.a.c.c.C.[Tomcat].[localhost].[/] - Initializing Spring DispatcherServlet 'dispatcherServlet'
2026-08-11 16:41:49.343 INFO  o.s.web.servlet.DispatcherServlet - Initializing Servlet 'dispatcherServlet'
2026-08-11 16:41:49.344 INFO  o.s.web.servlet.DispatcherServlet - Completed initialization in 1 ms
2026-08-11 16:41:49.403 WARN  o.s.w.s.m.m.a.ExceptionHandlerExceptionResolver - Resolved [org.springframework.web.servlet.resource.NoResourceFoundException: No static resource this-page-does-not-exist.]
2026-08-11 16:43:15.450 INFO  c.c.UsageLog.UsageLogApplication - Starting UsageLogApplication using Java 22 with PID 16620 (C:\workspace\UsageLog\target\classes started by chote in C:\workspace\UsageLog)
2026-08-11 16:43:15.452 INFO  c.c.UsageLog.UsageLogApplication - No active profile set, falling back to 1 default profile: "default"
2026-08-11 16:43:15.496 INFO  o.s.b.d.e.DevToolsPropertyDefaultsPostProcessor - Devtools property defaults active! Set 'spring.devtools.add-properties' to 'false' to disable
2026-08-11 16:43:15.496 INFO  o.s.b.d.e.DevToolsPropertyDefaultsPostProcessor - For additional web related logging consider setting the 'logging.level.web' property to 'DEBUG'
2026-08-11 16:43:16.382 INFO  o.s.d.r.c.RepositoryConfigurationDelegate - Bootstrapping Spring Data JPA repositories in DEFAULT mode.
2026-08-11 16:43:16.445 INFO  o.s.d.r.c.RepositoryConfigurationDelegate - Finished Spring Data repository scanning in 50 ms. Found 3 JPA repository interfaces.
2026-08-11 16:43:17.128 INFO  o.s.b.w.e.tomcat.TomcatWebServer - Tomcat initialized with port 8080 (http)
2026-08-11 16:43:17.129 INFO  o.a.coyote.http11.Http11NioProtocol - Initializing ProtocolHandler ["http-nio-8080"]
2026-08-11 16:43:17.139 INFO  o.a.catalina.core.StandardService - Starting service [Tomcat]
2026-08-11 16:43:17.141 INFO  o.a.catalina.core.StandardEngine - Starting Servlet engine: [Apache Tomcat/10.1.20]
2026-08-11 16:43:17.184 INFO  o.a.c.c.C.[Tomcat].[localhost].[/] - Initializing Spring embedded WebApplicationContext
2026-08-11 16:43:17.184 INFO  o.s.b.w.s.c.ServletWebServerApplicationContext - Root WebApplicationContext: initialization completed in 1688 ms
2026-08-11 16:43:17.487 INFO  o.h.jpa.internal.util.LogHelper - HHH000204: Processing PersistenceUnitInfo [name: default]
2026-08-11 16:43:17.546 INFO  org.hibernate.Version - HHH000412: Hibernate ORM core version 6.4.4.Final
2026-08-11 16:43:17.571 INFO  o.h.c.i.RegionFactoryInitiator - HHH000026: Second-level cache disabled
2026-08-11 16:43:17.764 INFO  o.s.o.j.p.SpringPersistenceUnitInfo - No LoadTimeWeaver setup: ignoring JPA class transformer
2026-08-11 16:43:17.788 INFO  com.zaxxer.hikari.HikariDataSource - HikariPool-1 - Starting...
2026-08-11 16:43:18.094 INFO  com.zaxxer.hikari.pool.HikariPool - HikariPool-1 - Added connection com.mysql.cj.jdbc.ConnectionImpl@29b97cb4
2026-08-11 16:43:18.096 INFO  com.zaxxer.hikari.HikariDataSource - HikariPool-1 - Start completed.
2026-08-11 16:43:18.969 INFO  o.h.e.t.j.p.i.JtaPlatformInitiator - HHH000489: No JTA platform available (set 'hibernate.transaction.jta.platform' to enable JTA platform integration)
2026-08-11 16:43:19.015 INFO  o.s.o.j.LocalContainerEntityManagerFactoryBean - Initialized JPA EntityManagerFactory for persistence unit 'default'
2026-08-11 16:43:19.342 INFO  o.s.d.j.r.query.QueryEnhancerFactory - Hibernate is in classpath; If applicable, HQL parser will be used.
2026-08-11 16:43:20.590 WARN  o.s.b.a.o.j.JpaBaseConfiguration$JpaWebConfiguration - spring.jpa.open-in-view is enabled by default. Therefore, database queries may be performed during view rendering. Explicitly configure spring.jpa.open-in-view to disable this warning
2026-08-11 16:43:20.660 INFO  o.s.b.a.w.s.WelcomePageHandlerMapping - Adding welcome page template: index
2026-08-11 16:43:22.215 INFO  o.s.b.d.a.OptionalLiveReloadServer - LiveReload server is running on port 35729
2026-08-11 16:43:22.248 INFO  o.s.b.a.e.web.EndpointLinksResolver - Exposing 1 endpoint(s) beneath base path '/actuator'
2026-08-11 16:43:22.379 INFO  o.a.coyote.http11.Http11NioProtocol - Starting ProtocolHandler ["http-nio-8080"]
2026-08-11 16:43:22.431 INFO  o.s.b.w.e.tomcat.TomcatWebServer - Tomcat started on port 8080 (http) with context path ''
2026-08-11 16:43:22.451 INFO  c.c.UsageLog.UsageLogApplication - Started UsageLogApplication in 7.772 seconds (process running for 9.211)
2026-08-11 16:43:44.210 INFO  o.a.c.c.C.[Tomcat].[localhost].[/] - Initializing Spring DispatcherServlet 'dispatcherServlet'
2026-08-11 16:43:44.210 INFO  o.s.web.servlet.DispatcherServlet - Initializing Servlet 'dispatcherServlet'
2026-08-11 16:43:44.210 INFO  o.s.web.servlet.DispatcherServlet - Completed initialization in 0 ms
2026-08-11 16:43:51.951 INFO  c.c.UsageLog.service.UsageService - 行番号：1
2026-08-11 16:43:51.958 INFO  c.c.UsageLog.service.UsageService - 行番号：2
2026-08-11 16:43:51.959 INFO  c.c.UsageLog.service.UsageService - 購入内容：マスター国内利用　MZZ ｲｵﾝ ﾐﾉｵ
2026-08-11 16:43:51.959 INFO  c.c.UsageLog.service.UsageService - 金額：1030
2026-08-11 16:43:51.960 INFO  c.c.UsageLog.service.UsageService - 購入日：2026-07-30
2026-08-11 16:43:51.960 INFO  c.c.UsageLog.service.UsageService - 行番号：3
2026-08-11 16:43:51.960 INFO  c.c.UsageLog.service.UsageService - 購入内容：マスター国内利用　MZZ APPLE COM BILL
2026-08-11 16:43:51.961 INFO  c.c.UsageLog.service.UsageService - 金額：1280
2026-08-11 16:43:51.961 INFO  c.c.UsageLog.service.UsageService - 購入日：2026-07-29
2026-08-11 16:43:51.961 INFO  c.c.UsageLog.service.UsageService - 行番号：4
2026-08-11 16:43:51.961 INFO  c.c.UsageLog.service.UsageService - 購入内容：エスト　7115462052177 04554
2026-08-11 16:43:51.962 INFO  c.c.UsageLog.service.UsageService - 金額：990
2026-08-11 16:43:51.962 INFO  c.c.UsageLog.service.UsageService - 購入日：2026-07-29
2026-08-11 16:43:51.962 INFO  c.c.UsageLog.service.UsageService - 行番号：5
2026-08-11 16:43:51.962 INFO  c.c.UsageLog.service.UsageService - 購入内容：セブン－イレブン
2026-08-11 16:43:51.962 INFO  c.c.UsageLog.service.UsageService - 金額：321
2026-08-11 16:43:51.962 INFO  c.c.UsageLog.service.UsageService - 購入日：2026-07-27
2026-08-11 16:43:51.963 INFO  c.c.UsageLog.service.UsageService - 行番号：6
2026-08-11 16:43:51.963 INFO  c.c.UsageLog.service.UsageService - 購入内容：マスター国内利用　MZZ ﾎﾜｲﾃｲｳﾒﾀﾞ/NFC
2026-08-11 16:43:51.963 INFO  c.c.UsageLog.service.UsageService - 金額：880
2026-08-11 16:43:51.963 INFO  c.c.UsageLog.service.UsageService - 購入日：2026-07-27
2026-08-11 16:43:51.963 INFO  c.c.UsageLog.service.UsageService - 行番号：7
2026-08-11 16:43:51.963 INFO  c.c.UsageLog.service.UsageService - 購入内容：マスター国内利用　MZZ ﾌｱﾐﾘ-ﾏ-ﾄﾐﾉｵﾆｼｼﾞﾕ
2026-08-11 16:43:51.964 INFO  c.c.UsageLog.service.UsageService - 金額：1109
2026-08-11 16:43:51.964 INFO  c.c.UsageLog.service.UsageService - 購入日：2026-07-26
2026-08-11 16:43:51.964 INFO  c.c.UsageLog.service.UsageService - 行番号：8
2026-08-11 16:43:51.965 INFO  c.c.UsageLog.service.UsageService - 購入内容：マスター国内利用　MZZ ﾓﾊﾞｲﾙｲｺｶﾁﾔ-ｼﾞ
2026-08-11 16:43:51.965 INFO  c.c.UsageLog.service.UsageService - 金額：5000
2026-08-11 16:43:51.965 INFO  c.c.UsageLog.service.UsageService - 購入日：2026-07-26
2026-08-11 16:43:51.965 INFO  c.c.UsageLog.service.UsageService - 行番号：9
2026-08-11 16:43:51.965 INFO  c.c.UsageLog.service.UsageService - 購入内容：マスター国内利用　MZZ ﾌﾞﾂｸｵﾌﾐﾉｵｼﾔｸｼﾖﾏｴ
2026-08-11 16:43:51.966 INFO  c.c.UsageLog.service.UsageService - 金額：1336
2026-08-11 16:43:51.966 INFO  c.c.UsageLog.service.UsageService - 購入日：2026-07-25
2026-08-11 16:43:51.966 INFO  c.c.UsageLog.service.UsageService - 行番号：10
2026-08-11 16:43:51.967 INFO  c.c.UsageLog.service.UsageService - 購入内容：海外利用　１　GITHUB
2026-08-11 16:43:51.967 INFO  c.c.UsageLog.service.UsageService - 金額：1回払い
2026-08-11 16:43:51.974 WARN  o.s.w.s.m.m.a.ExceptionHandlerExceptionResolver - Resolved [java.lang.NumberFormatException: For input string: "1回払い"]
2026-08-11 16:44:26.036 INFO  c.c.UsageLog.service.UsageService - 行番号：1
2026-08-11 16:44:26.036 INFO  c.c.UsageLog.service.UsageService - 行番号：2
2026-08-11 16:44:26.036 INFO  c.c.UsageLog.service.UsageService - 購入内容：マスター国内利用　MZZ ｲｵﾝ ﾐﾉｵ
2026-08-11 16:44:26.036 INFO  c.c.UsageLog.service.UsageService - 金額：1030
2026-08-11 16:44:26.036 INFO  c.c.UsageLog.service.UsageService - 購入日：2026-07-30
2026-08-11 16:44:26.036 INFO  c.c.UsageLog.service.UsageService - 行番号：3
2026-08-11 16:44:26.036 INFO  c.c.UsageLog.service.UsageService - 購入内容：マスター国内利用　MZZ APPLE COM BILL
2026-08-11 16:44:26.036 INFO  c.c.UsageLog.service.UsageService - 金額：1280
2026-08-11 16:44:26.036 INFO  c.c.UsageLog.service.UsageService - 購入日：2026-07-29
2026-08-11 16:44:26.036 INFO  c.c.UsageLog.service.UsageService - 行番号：4
2026-08-11 16:44:26.036 INFO  c.c.UsageLog.service.UsageService - 購入内容：エスト　7115462052177 04554
2026-08-11 16:44:26.036 INFO  c.c.UsageLog.service.UsageService - 金額：990
2026-08-11 16:44:26.036 INFO  c.c.UsageLog.service.UsageService - 購入日：2026-07-29
2026-08-11 16:44:26.036 INFO  c.c.UsageLog.service.UsageService - 行番号：5
2026-08-11 16:44:26.036 INFO  c.c.UsageLog.service.UsageService - 購入内容：セブン－イレブン
2026-08-11 16:44:26.036 INFO  c.c.UsageLog.service.UsageService - 金額：321
2026-08-11 16:44:26.036 INFO  c.c.UsageLog.service.UsageService - 購入日：2026-07-27
2026-08-11 16:44:26.036 INFO  c.c.UsageLog.service.UsageService - 行番号：6
2026-08-11 16:44:26.036 INFO  c.c.UsageLog.service.UsageService - 購入内容：マスター国内利用　MZZ ﾎﾜｲﾃｲｳﾒﾀﾞ/NFC
2026-08-11 16:44:26.036 INFO  c.c.UsageLog.service.UsageService - 金額：880
2026-08-11 16:44:26.036 INFO  c.c.UsageLog.service.UsageService - 購入日：2026-07-27
2026-08-11 16:44:26.036 INFO  c.c.UsageLog.service.UsageService - 行番号：7
2026-08-11 16:44:26.036 INFO  c.c.UsageLog.service.UsageService - 購入内容：マスター国内利用　MZZ ﾌｱﾐﾘ-ﾏ-ﾄﾐﾉｵﾆｼｼﾞﾕ
2026-08-11 16:44:26.036 INFO  c.c.UsageLog.service.UsageService - 金額：1109
2026-08-11 16:44:26.036 INFO  c.c.UsageLog.service.UsageService - 購入日：2026-07-26
2026-08-11 16:44:26.036 INFO  c.c.UsageLog.service.UsageService - 行番号：8
2026-08-11 16:44:26.036 INFO  c.c.UsageLog.service.UsageService - 購入内容：マスター国内利用　MZZ ﾓﾊﾞｲﾙｲｺｶﾁﾔ-ｼﾞ
2026-08-11 16:44:26.036 INFO  c.c.UsageLog.service.UsageService - 金額：5000
2026-08-11 16:44:26.036 INFO  c.c.UsageLog.service.UsageService - 購入日：2026-07-26
2026-08-11 16:44:26.051 INFO  c.c.UsageLog.service.UsageService - 行番号：9
2026-08-11 16:44:26.051 INFO  c.c.UsageLog.service.UsageService - 購入内容：マスター国内利用　MZZ ﾌﾞﾂｸｵﾌﾐﾉｵｼﾔｸｼﾖﾏｴ
2026-08-11 16:44:26.051 INFO  c.c.UsageLog.service.UsageService - 金額：1336
2026-08-11 16:44:26.052 INFO  c.c.UsageLog.service.UsageService - 購入日：2026-07-25
2026-08-11 16:44:26.052 INFO  c.c.UsageLog.service.UsageService - 行番号：10
2026-08-11 16:44:26.052 INFO  c.c.UsageLog.service.UsageService - 購入内容：海外利用　１　GITHUB
2026-08-11 16:44:26.052 INFO  c.c.UsageLog.service.UsageService - 金額：1回払い
2026-08-11 16:44:26.053 WARN  o.s.w.s.m.m.a.ExceptionHandlerExceptionResolver - Resolved [java.lang.NumberFormatException: For input string: "1回払い"]
2026-08-11 16:44:50.109 INFO  o.s.o.j.LocalContainerEntityManagerFactoryBean - Closing JPA EntityManagerFactory for persistence unit 'default'
2026-08-11 16:44:50.125 INFO  com.zaxxer.hikari.HikariDataSource - HikariPool-1 - Shutdown initiated...
2026-08-11 16:44:50.140 INFO  com.zaxxer.hikari.HikariDataSource - HikariPool-1 - Shutdown completed.
2026-08-11 16:46:39.625 INFO  c.c.U.UsageLogApplicationTests - Starting UsageLogApplicationTests using Java 22 with PID 18384 (started by chote in C:\workspace\UsageLog)
2026-08-11 16:46:39.629 INFO  c.c.U.UsageLogApplicationTests - No active profile set, falling back to 1 default profile: "default"
2026-08-11 16:46:40.665 INFO  o.s.d.r.c.RepositoryConfigurationDelegate - Bootstrapping Spring Data JPA repositories in DEFAULT mode.
2026-08-11 16:46:40.730 INFO  o.s.d.r.c.RepositoryConfigurationDelegate - Finished Spring Data repository scanning in 60 ms. Found 3 JPA repository interfaces.
2026-08-11 16:46:41.524 INFO  o.h.jpa.internal.util.LogHelper - HHH000204: Processing PersistenceUnitInfo [name: default]
2026-08-11 16:46:41.631 INFO  org.hibernate.Version - HHH000412: Hibernate ORM core version 6.4.4.Final
2026-08-11 16:46:41.683 INFO  o.h.c.i.RegionFactoryInitiator - HHH000026: Second-level cache disabled
2026-08-11 16:46:42.014 INFO  o.s.o.j.p.SpringPersistenceUnitInfo - No LoadTimeWeaver setup: ignoring JPA class transformer
2026-08-11 16:46:42.052 INFO  com.zaxxer.hikari.HikariDataSource - HikariPool-1 - Starting...
2026-08-11 16:46:42.419 INFO  com.zaxxer.hikari.pool.HikariPool - HikariPool-1 - Added connection com.mysql.cj.jdbc.ConnectionImpl@432f4626
2026-08-11 16:46:42.419 INFO  com.zaxxer.hikari.HikariDataSource - HikariPool-1 - Start completed.
2026-08-11 16:46:43.320 INFO  o.h.e.t.j.p.i.JtaPlatformInitiator - HHH000489: No JTA platform available (set 'hibernate.transaction.jta.platform' to enable JTA platform integration)
2026-08-11 16:46:43.357 INFO  o.s.o.j.LocalContainerEntityManagerFactoryBean - Initialized JPA EntityManagerFactory for persistence unit 'default'
2026-08-11 16:46:43.698 INFO  o.s.d.j.r.query.QueryEnhancerFactory - Hibernate is in classpath; If applicable, HQL parser will be used.
2026-08-11 16:46:44.856 WARN  o.s.b.a.o.j.JpaBaseConfiguration$JpaWebConfiguration - spring.jpa.open-in-view is enabled by default. Therefore, database queries may be performed during view rendering. Explicitly configure spring.jpa.open-in-view to disable this warning
2026-08-11 16:46:44.930 INFO  o.s.b.a.w.s.WelcomePageHandlerMapping - Adding welcome page template: index
2026-08-11 16:46:46.007 INFO  o.s.b.a.e.web.EndpointLinksResolver - Exposing 1 endpoint(s) beneath base path '/actuator'
2026-08-11 16:46:46.118 INFO  c.c.U.UsageLogApplicationTests - Started UsageLogApplicationTests in 7.201 seconds (process running for 8.415)
2026-08-11 16:46:46.940 INFO  o.s.o.j.LocalContainerEntityManagerFactoryBean - Closing JPA EntityManagerFactory for persistence unit 'default'
2026-08-11 16:46:46.950 INFO  com.zaxxer.hikari.HikariDataSource - HikariPool-1 - Shutdown initiated...
2026-08-11 16:46:46.960 INFO  com.zaxxer.hikari.HikariDataSource - HikariPool-1 - Shutdown completed.
2026-08-11 16:47:31.326 INFO  c.c.UsageLog.UsageLogApplication - Starting UsageLogApplication using Java 22 with PID 3960 (C:\workspace\UsageLog\target\classes started by chote in C:\workspace\UsageLog)
2026-08-11 16:47:31.328 INFO  c.c.UsageLog.UsageLogApplication - No active profile set, falling back to 1 default profile: "default"
2026-08-11 16:47:31.380 INFO  o.s.b.d.e.DevToolsPropertyDefaultsPostProcessor - Devtools property defaults active! Set 'spring.devtools.add-properties' to 'false' to disable
2026-08-11 16:47:31.380 INFO  o.s.b.d.e.DevToolsPropertyDefaultsPostProcessor - For additional web related logging consider setting the 'logging.level.web' property to 'DEBUG'
2026-08-11 16:47:32.034 INFO  o.s.d.r.c.RepositoryConfigurationDelegate - Bootstrapping Spring Data JPA repositories in DEFAULT mode.
2026-08-11 16:47:32.085 INFO  o.s.d.r.c.RepositoryConfigurationDelegate - Finished Spring Data repository scanning in 36 ms. Found 3 JPA repository interfaces.
2026-08-11 16:47:32.584 INFO  o.s.b.w.e.tomcat.TomcatWebServer - Tomcat initialized with port 8080 (http)
2026-08-11 16:47:32.600 INFO  o.a.coyote.http11.Http11NioProtocol - Initializing ProtocolHandler ["http-nio-8080"]
2026-08-11 16:47:32.607 INFO  o.a.catalina.core.StandardService - Starting service [Tomcat]
2026-08-11 16:47:32.608 INFO  o.a.catalina.core.StandardEngine - Starting Servlet engine: [Apache Tomcat/10.1.20]
2026-08-11 16:47:32.640 INFO  o.a.c.c.C.[Tomcat].[localhost].[/] - Initializing Spring embedded WebApplicationContext
2026-08-11 16:47:32.640 INFO  o.s.b.w.s.c.ServletWebServerApplicationContext - Root WebApplicationContext: initialization completed in 1259 ms
2026-08-11 16:47:32.867 INFO  o.h.jpa.internal.util.LogHelper - HHH000204: Processing PersistenceUnitInfo [name: default]
2026-08-11 16:47:32.909 INFO  org.hibernate.Version - HHH000412: Hibernate ORM core version 6.4.4.Final
2026-08-11 16:47:32.928 INFO  o.h.c.i.RegionFactoryInitiator - HHH000026: Second-level cache disabled
2026-08-11 16:47:33.070 INFO  o.s.o.j.p.SpringPersistenceUnitInfo - No LoadTimeWeaver setup: ignoring JPA class transformer
2026-08-11 16:47:33.092 INFO  com.zaxxer.hikari.HikariDataSource - HikariPool-1 - Starting...
2026-08-11 16:47:33.365 INFO  com.zaxxer.hikari.pool.HikariPool - HikariPool-1 - Added connection com.mysql.cj.jdbc.ConnectionImpl@5ec7194a
2026-08-11 16:47:33.365 INFO  com.zaxxer.hikari.HikariDataSource - HikariPool-1 - Start completed.
2026-08-11 16:47:33.980 INFO  o.h.e.t.j.p.i.JtaPlatformInitiator - HHH000489: No JTA platform available (set 'hibernate.transaction.jta.platform' to enable JTA platform integration)
2026-08-11 16:47:34.017 INFO  o.s.o.j.LocalContainerEntityManagerFactoryBean - Initialized JPA EntityManagerFactory for persistence unit 'default'
2026-08-11 16:47:34.189 INFO  o.s.d.j.r.query.QueryEnhancerFactory - Hibernate is in classpath; If applicable, HQL parser will be used.
2026-08-11 16:47:34.782 WARN  o.s.b.a.o.j.JpaBaseConfiguration$JpaWebConfiguration - spring.jpa.open-in-view is enabled by default. Therefore, database queries may be performed during view rendering. Explicitly configure spring.jpa.open-in-view to disable this warning
2026-08-11 16:47:34.862 INFO  o.s.b.a.w.s.WelcomePageHandlerMapping - Adding welcome page template: index
2026-08-11 16:47:35.283 INFO  o.s.b.d.a.OptionalLiveReloadServer - LiveReload server is running on port 35729
2026-08-11 16:47:35.299 INFO  o.s.b.a.e.web.EndpointLinksResolver - Exposing 1 endpoint(s) beneath base path '/actuator'
2026-08-11 16:47:35.342 INFO  o.a.coyote.http11.Http11NioProtocol - Starting ProtocolHandler ["http-nio-8080"]
2026-08-11 16:47:35.375 INFO  o.s.b.w.e.tomcat.TomcatWebServer - Tomcat started on port 8080 (http) with context path ''
2026-08-11 16:47:35.379 INFO  c.c.UsageLog.UsageLogApplication - Started UsageLogApplication in 4.475 seconds (process running for 4.822)
2026-08-11 16:47:57.777 INFO  o.a.c.c.C.[Tomcat].[localhost].[/] - Initializing Spring DispatcherServlet 'dispatcherServlet'
2026-08-11 16:47:57.777 INFO  o.s.web.servlet.DispatcherServlet - Initializing Servlet 'dispatcherServlet'
2026-08-11 16:47:57.777 INFO  o.s.web.servlet.DispatcherServlet - Completed initialization in 0 ms
2026-08-11 16:48:03.866 INFO  c.c.UsageLog.service.UsageService - 行番号：1
2026-08-11 16:48:03.866 INFO  c.c.UsageLog.service.UsageService - 行番号：2
2026-08-11 16:48:03.866 INFO  c.c.UsageLog.service.UsageService - 購入内容：マスター国内利用　MZZ ｲｵﾝ ﾐﾉｵ
2026-08-11 16:48:03.866 INFO  c.c.UsageLog.service.UsageService - 金額：1030
2026-08-11 16:48:03.866 INFO  c.c.UsageLog.service.UsageService - 購入日：2026-07-30
2026-08-11 16:48:03.866 INFO  c.c.UsageLog.service.UsageService - 行番号：3
2026-08-11 16:48:03.866 INFO  c.c.UsageLog.service.UsageService - 購入内容：マスター国内利用　MZZ APPLE COM BILL
2026-08-11 16:48:03.866 INFO  c.c.UsageLog.service.UsageService - 金額：1280
2026-08-11 16:48:03.866 INFO  c.c.UsageLog.service.UsageService - 購入日：2026-07-29
2026-08-11 16:48:03.866 INFO  c.c.UsageLog.service.UsageService - 行番号：4
2026-08-11 16:48:03.866 INFO  c.c.UsageLog.service.UsageService - 購入内容：エスト　7115462052177 04554
2026-08-11 16:48:03.866 INFO  c.c.UsageLog.service.UsageService - 金額：990
2026-08-11 16:48:03.866 INFO  c.c.UsageLog.service.UsageService - 購入日：2026-07-29
2026-08-11 16:48:03.866 INFO  c.c.UsageLog.service.UsageService - 行番号：5
2026-08-11 16:48:03.866 INFO  c.c.UsageLog.service.UsageService - 購入内容：セブン－イレブン
2026-08-11 16:48:03.866 INFO  c.c.UsageLog.service.UsageService - 金額：321
2026-08-11 16:48:03.866 INFO  c.c.UsageLog.service.UsageService - 購入日：2026-07-27
2026-08-11 16:48:03.866 INFO  c.c.UsageLog.service.UsageService - 行番号：6
2026-08-11 16:48:03.866 INFO  c.c.UsageLog.service.UsageService - 購入内容：マスター国内利用　MZZ ﾎﾜｲﾃｲｳﾒﾀﾞ/NFC
2026-08-11 16:48:03.866 INFO  c.c.UsageLog.service.UsageService - 金額：880
2026-08-11 16:48:03.866 INFO  c.c.UsageLog.service.UsageService - 購入日：2026-07-27
2026-08-11 16:48:03.866 INFO  c.c.UsageLog.service.UsageService - 行番号：7
2026-08-11 16:48:03.866 INFO  c.c.UsageLog.service.UsageService - 購入内容：マスター国内利用　MZZ ﾌｱﾐﾘ-ﾏ-ﾄﾐﾉｵﾆｼｼﾞﾕ
2026-08-11 16:48:03.866 INFO  c.c.UsageLog.service.UsageService - 金額：1109
2026-08-11 16:48:03.866 INFO  c.c.UsageLog.service.UsageService - 購入日：2026-07-26
2026-08-11 16:48:03.866 INFO  c.c.UsageLog.service.UsageService - 行番号：8
2026-08-11 16:48:03.866 INFO  c.c.UsageLog.service.UsageService - 購入内容：マスター国内利用　MZZ ﾓﾊﾞｲﾙｲｺｶﾁﾔ-ｼﾞ
2026-08-11 16:48:03.866 INFO  c.c.UsageLog.service.UsageService - 金額：5000
2026-08-11 16:48:03.866 INFO  c.c.UsageLog.service.UsageService - 購入日：2026-07-26
2026-08-11 16:48:03.866 INFO  c.c.UsageLog.service.UsageService - 行番号：9
2026-08-11 16:48:03.866 INFO  c.c.UsageLog.service.UsageService - 購入内容：マスター国内利用　MZZ ﾌﾞﾂｸｵﾌﾐﾉｵｼﾔｸｼﾖﾏｴ
2026-08-11 16:48:03.866 INFO  c.c.UsageLog.service.UsageService - 金額：1336
2026-08-11 16:48:03.866 INFO  c.c.UsageLog.service.UsageService - 購入日：2026-07-25
2026-08-11 16:48:03.866 INFO  c.c.UsageLog.service.UsageService - 行番号：10
2026-08-11 16:48:03.866 INFO  c.c.UsageLog.service.UsageService - 購入内容：海外利用　１　GITHUB
2026-08-11 16:48:03.866 INFO  c.c.UsageLog.service.UsageService - 金額：1回払い
2026-08-11 16:48:03.885 WARN  o.s.w.s.m.m.a.ExceptionHandlerExceptionResolver - Resolved [java.lang.NumberFormatException: For input string: "1回払い"]
2026-08-11 16:50:38.294 INFO  c.c.UsageLog.service.UsageService - 行番号：1
2026-08-11 16:50:38.294 INFO  c.c.UsageLog.service.UsageService - 行番号：2
2026-08-11 16:50:38.294 INFO  c.c.UsageLog.service.UsageService - 購入内容：マスター国内利用　MZZ ｲｵﾝ ﾐﾉｵ
2026-08-11 16:50:38.294 INFO  c.c.UsageLog.service.UsageService - 金額：1030
2026-08-11 16:50:38.294 INFO  c.c.UsageLog.service.UsageService - 購入日：2026-07-30
2026-08-11 16:50:38.294 INFO  c.c.UsageLog.service.UsageService - 行番号：3
2026-08-11 16:50:38.294 INFO  c.c.UsageLog.service.UsageService - 購入内容：マスター国内利用　MZZ APPLE COM BILL
2026-08-11 16:50:38.294 INFO  c.c.UsageLog.service.UsageService - 金額：1280
2026-08-11 16:50:38.294 INFO  c.c.UsageLog.service.UsageService - 購入日：2026-07-29
2026-08-11 16:50:38.294 INFO  c.c.UsageLog.service.UsageService - 行番号：4
2026-08-11 16:50:38.294 INFO  c.c.UsageLog.service.UsageService - 購入内容：エスト　7115462052177 04554
2026-08-11 16:50:38.294 INFO  c.c.UsageLog.service.UsageService - 金額：990
2026-08-11 16:50:38.294 INFO  c.c.UsageLog.service.UsageService - 購入日：2026-07-29
2026-08-11 16:50:38.294 INFO  c.c.UsageLog.service.UsageService - 行番号：5
2026-08-11 16:50:38.294 INFO  c.c.UsageLog.service.UsageService - 購入内容：セブン－イレブン
2026-08-11 16:50:38.294 INFO  c.c.UsageLog.service.UsageService - 金額：321
2026-08-11 16:50:38.294 INFO  c.c.UsageLog.service.UsageService - 購入日：2026-07-27
2026-08-11 16:50:38.294 INFO  c.c.UsageLog.service.UsageService - 行番号：6
2026-08-11 16:50:38.294 INFO  c.c.UsageLog.service.UsageService - 購入内容：マスター国内利用　MZZ ﾎﾜｲﾃｲｳﾒﾀﾞ/NFC
2026-08-11 16:50:38.294 INFO  c.c.UsageLog.service.UsageService - 金額：880
2026-08-11 16:50:38.294 INFO  c.c.UsageLog.service.UsageService - 購入日：2026-07-27
2026-08-11 16:50:38.294 INFO  c.c.UsageLog.service.UsageService - 行番号：7
2026-08-11 16:50:38.294 INFO  c.c.UsageLog.service.UsageService - 購入内容：マスター国内利用　MZZ ﾌｱﾐﾘ-ﾏ-ﾄﾐﾉｵﾆｼｼﾞﾕ
2026-08-11 16:50:38.294 INFO  c.c.UsageLog.service.UsageService - 金額：1109
2026-08-11 16:50:38.294 INFO  c.c.UsageLog.service.UsageService - 購入日：2026-07-26
2026-08-11 16:50:38.294 INFO  c.c.UsageLog.service.UsageService - 行番号：8
2026-08-11 16:50:38.294 INFO  c.c.UsageLog.service.UsageService - 購入内容：マスター国内利用　MZZ ﾓﾊﾞｲﾙｲｺｶﾁﾔ-ｼﾞ
2026-08-11 16:50:38.294 INFO  c.c.UsageLog.service.UsageService - 金額：5000
2026-08-11 16:50:38.294 INFO  c.c.UsageLog.service.UsageService - 購入日：2026-07-26
2026-08-11 16:50:38.294 INFO  c.c.UsageLog.service.UsageService - 行番号：9
2026-08-11 16:50:38.294 INFO  c.c.UsageLog.service.UsageService - 購入内容：マスター国内利用　MZZ ﾌﾞﾂｸｵﾌﾐﾉｵｼﾔｸｼﾖﾏｴ
2026-08-11 16:50:38.294 INFO  c.c.UsageLog.service.UsageService - 金額：1336
2026-08-11 16:50:38.294 INFO  c.c.UsageLog.service.UsageService - 購入日：2026-07-25
2026-08-11 16:50:38.294 INFO  c.c.UsageLog.service.UsageService - 行番号：10
2026-08-11 16:50:38.294 INFO  c.c.UsageLog.service.UsageService - 購入内容：海外利用　１　GITHUB INC.
2026-08-11 16:50:38.294 INFO  c.c.UsageLog.service.UsageService - 金額：1869
2026-08-11 16:50:38.294 INFO  c.c.UsageLog.service.UsageService - 購入日：2026-07-24
2026-08-11 16:50:38.294 INFO  c.c.UsageLog.service.UsageService - 行番号：11
2026-08-11 16:50:38.294 INFO  c.c.UsageLog.service.UsageService - 購入内容：マスター国内利用　MZZ AMAZON.CO.JP
2026-08-11 16:50:38.294 INFO  c.c.UsageLog.service.UsageService - 金額：1259
2026-08-11 16:50:38.294 INFO  c.c.UsageLog.service.UsageService - 購入日：2026-07-23
2026-08-11 16:50:38.294 INFO  c.c.UsageLog.service.UsageService - 行番号：12
2026-08-11 16:50:38.294 INFO  c.c.UsageLog.service.UsageService - 購入内容：マスター国内利用　MZZ ﾒﾙｶﾘ/AP
2026-08-11 16:50:38.294 INFO  c.c.UsageLog.service.UsageService - 金額：3700
2026-08-11 16:50:38.294 INFO  c.c.UsageLog.service.UsageService - 購入日：2026-07-23
2026-08-11 16:50:38.294 INFO  c.c.UsageLog.service.UsageService - 行番号：13
2026-08-11 16:50:38.294 INFO  c.c.UsageLog.service.UsageService - 購入内容：マスター国内利用　MZZ SQ*ｸﾘｽﾌﾟｻﾗﾀﾞﾜｸｽｳ
2026-08-11 16:50:38.294 INFO  c.c.UsageLog.service.UsageService - 金額：1634
2026-08-11 16:50:38.308 INFO  c.c.UsageLog.service.UsageService - 購入日：2026-07-22
2026-08-11 16:50:38.308 INFO  c.c.UsageLog.service.UsageService - 行番号：14
2026-08-11 16:50:38.308 INFO  c.c.UsageLog.service.UsageService - 購入内容：マスター国内利用　MZZ ﾓﾊﾞｲﾙｲｺｶﾁﾔ-ｼﾞ
2026-08-11 16:50:38.309 INFO  c.c.UsageLog.service.UsageService - 金額：2000
2026-08-11 16:50:38.309 INFO  c.c.UsageLog.service.UsageService - 購入日：2026-07-22
2026-08-11 16:50:38.309 INFO  c.c.UsageLog.service.UsageService - 行番号：15
2026-08-11 16:50:38.309 INFO  c.c.UsageLog.service.UsageService - 購入内容：マスター国内利用　MZZ ﾐﾉｵｷﾕ-ｽﾞﾓ-ﾙ
2026-08-11 16:50:38.310 INFO  c.c.UsageLog.service.UsageService - 金額：9020
2026-08-11 16:50:38.310 INFO  c.c.UsageLog.service.UsageService - 購入日：2026-07-20
2026-08-11 16:50:38.310 INFO  c.c.UsageLog.service.UsageService - 行番号：16
2026-08-11 16:50:38.310 INFO  c.c.UsageLog.service.UsageService - 購入内容：マスター国内利用　MZZ ﾐﾉｵｷﾕ-ｽﾞﾓ-ﾙ
2026-08-11 16:50:38.310 INFO  c.c.UsageLog.service.UsageService - 金額：220
2026-08-11 16:50:38.310 INFO  c.c.UsageLog.service.UsageService - 購入日：2026-07-20
2026-08-11 16:50:38.310 INFO  c.c.UsageLog.service.UsageService - 行番号：17
2026-08-11 16:50:38.310 INFO  c.c.UsageLog.service.UsageService - 購入内容：マスター国内利用　MZZ ｻｲｶｽﾏｰﾄﾅﾋﾞﾆｼﾆﾎﾝ
2026-08-11 16:50:38.310 INFO  c.c.UsageLog.service.UsageService - 金額：2500
2026-08-11 16:50:38.310 INFO  c.c.UsageLog.service.UsageService - 購入日：2026-07-20
2026-08-11 16:50:38.310 INFO  c.c.UsageLog.service.UsageService - 行番号：18
2026-08-11 16:50:38.310 INFO  c.c.UsageLog.service.UsageService - 購入内容：マスター国内利用　MYY ｲﾙﾏ-ﾚ
2026-08-11 16:50:38.310 INFO  c.c.UsageLog.service.UsageService - 金額：7300
2026-08-11 16:50:38.310 INFO  c.c.UsageLog.service.UsageService - 購入日：2026-07-19
2026-08-11 16:50:38.310 INFO  c.c.UsageLog.service.UsageService - 行番号：19
2026-08-11 16:50:38.310 INFO  c.c.UsageLog.service.UsageService - 購入内容：マスター国内利用　MZZ ﾔｸｼﾏｸｳｺｳﾀ-ﾐﾅ
2026-08-11 16:50:38.310 INFO  c.c.UsageLog.service.UsageService - 金額：324
2026-08-11 16:50:38.310 INFO  c.c.UsageLog.service.UsageService - 購入日：2026-07-19
2026-08-11 16:50:38.310 INFO  c.c.UsageLog.service.UsageService - 行番号：20
2026-08-11 16:50:38.310 INFO  c.c.UsageLog.service.UsageService - 購入内容：マスター国内利用　MZZ ﾔｸｼﾏｸｳｺｳﾀ-ﾐﾅ
2026-08-11 16:50:38.310 INFO  c.c.UsageLog.service.UsageService - 金額：2249
2026-08-11 16:50:38.310 INFO  c.c.UsageLog.service.UsageService - 購入日：2026-07-19
2026-08-11 16:50:38.310 INFO  c.c.UsageLog.service.UsageService - 行番号：21
2026-08-11 16:50:38.310 INFO  c.c.UsageLog.service.UsageService - 購入内容：マスター国内利用　MZZ ﾄｳｷｮｳﾆﾎﾝｺｳﾂｳｶﾌﾞｼ
2026-08-11 16:50:38.310 INFO  c.c.UsageLog.service.UsageService - 金額：800
2026-08-11 16:50:38.310 INFO  c.c.UsageLog.service.UsageService - 購入日：2026-07-19
2026-08-11 16:50:38.310 INFO  c.c.UsageLog.service.UsageService - 行番号：22
2026-08-11 16:50:38.310 INFO  c.c.UsageLog.service.UsageService - 購入内容：マスター国内利用　MZZ ﾏﾙｶﾞﾒｾｲﾒﾝ ﾐﾉｵ/NF
2026-08-11 16:50:38.310 INFO  c.c.UsageLog.service.UsageService - 金額：2130
2026-08-11 16:50:38.310 INFO  c.c.UsageLog.service.UsageService - 購入日：2026-07-19
2026-08-11 16:50:38.310 INFO  c.c.UsageLog.service.UsageService - 行番号：23
2026-08-11 16:50:38.310 INFO  c.c.UsageLog.service.UsageService - 購入内容：マスター国内利用　MYY ﾅｶｶﾞﾜｽﾎﾟ-ﾂ
2026-08-11 16:50:38.315 INFO  c.c.UsageLog.service.UsageService - 金額：770
2026-08-11 16:50:38.315 INFO  c.c.UsageLog.service.UsageService - 購入日：2026-07-17
2026-08-11 16:50:38.315 INFO  c.c.UsageLog.service.UsageService - 行番号：24
2026-08-11 16:50:38.315 INFO  c.c.UsageLog.service.UsageService - 購入内容：マスター国内利用　MYY ﾔｸｼﾏｶﾝｷﾖｳﾌﾞﾝｶﾑﾗｾ
2026-08-11 16:50:38.315 INFO  c.c.UsageLog.service.UsageService - 金額：2200
2026-08-11 16:50:38.315 INFO  c.c.UsageLog.service.UsageService - 購入日：2026-07-17
2026-08-11 16:50:38.315 INFO  c.c.UsageLog.service.UsageService - 行番号：25
2026-08-11 16:50:38.315 INFO  c.c.UsageLog.service.UsageService - 購入内容：マスター国内利用　MZZ ﾔｸｼﾏｶﾝｺｳｾﾝﾀｰ
2026-08-11 16:50:38.315 INFO  c.c.UsageLog.service.UsageService - 金額：3862
2026-08-11 16:50:38.315 INFO  c.c.UsageLog.service.UsageService - 購入日：2026-07-17
2026-08-11 16:50:38.315 INFO  c.c.UsageLog.service.UsageService - 行番号：26
2026-08-11 16:50:38.315 INFO  c.c.UsageLog.service.UsageService - 購入内容：マスター国内利用　MZZ ｲﾀﾐｸｳｺｳﾀ-ﾐﾅﾙﾋﾞﾙ
2026-08-11 16:50:38.315 INFO  c.c.UsageLog.service.UsageService - 金額：151
2026-08-11 16:50:38.315 INFO  c.c.UsageLog.service.UsageService - 購入日：2026-07-17
2026-08-11 16:50:38.315 INFO  c.c.UsageLog.service.UsageService - 行番号：27
2026-08-11 16:50:38.315 INFO  c.c.UsageLog.service.UsageService - 購入内容：楽天証券投信積立０．５％～
2026-08-11 16:50:38.315 INFO  c.c.UsageLog.service.UsageService - 金額：60000
2026-08-11 16:50:38.315 INFO  c.c.UsageLog.service.UsageService - 購入日：2026-07-16
2026-08-11 16:50:38.315 INFO  c.c.UsageLog.service.UsageService - 行番号：28
2026-08-11 16:50:38.315 INFO  c.c.UsageLog.service.UsageService - 購入内容：ＪＣＢ国内利用　QP  ｽｸｴｱ ｸﾘｽﾌﾟｻﾗﾀﾞﾜ-
2026-08-11 16:50:38.315 INFO  c.c.UsageLog.service.UsageService - 金額：1058
2026-08-11 16:50:38.315 INFO  c.c.UsageLog.service.UsageService - 購入日：2026-07-14
2026-08-11 16:50:38.315 INFO  c.c.UsageLog.service.UsageService - 行番号：29
2026-08-11 16:50:38.315 INFO  c.c.UsageLog.service.UsageService - 購入内容：マスター国内利用　MZZ ﾓﾊﾞｲﾙｲｺｶﾁﾔ-ｼﾞ
2026-08-11 16:50:38.315 INFO  c.c.UsageLog.service.UsageService - 金額：5000
2026-08-11 16:50:38.315 INFO  c.c.UsageLog.service.UsageService - 購入日：2026-07-14
2026-08-11 16:50:38.315 INFO  c.c.UsageLog.service.UsageService - 行番号：30
2026-08-11 16:50:38.315 INFO  c.c.UsageLog.service.UsageService - 購入内容：マスター国内利用　MZZ AMAZON.CO.JP
2026-08-11 16:50:38.315 INFO  c.c.UsageLog.service.UsageService - 金額：990
2026-08-11 16:50:38.315 INFO  c.c.UsageLog.service.UsageService - 購入日：2026-07-13
2026-08-11 16:50:38.315 INFO  c.c.UsageLog.service.UsageService - 行番号：31
2026-08-11 16:50:38.315 INFO  c.c.UsageLog.service.UsageService - 購入内容：マスター国内利用　MZZ ｻﾝｸﾁﾕｱﾘ ﾐﾉｵﾃﾝ/NF
2026-08-11 16:50:38.315 INFO  c.c.UsageLog.service.UsageService - 金額：3859
2026-08-11 16:50:38.315 INFO  c.c.UsageLog.service.UsageService - 購入日：2026-07-12
2026-08-11 16:50:38.315 INFO  c.c.UsageLog.service.UsageService - 行番号：32
2026-08-11 16:50:38.315 INFO  c.c.UsageLog.service.UsageService - 購入内容：マスター国内利用　MZZ ﾊﾝｽﾞ ｼﾝｻｲﾊﾞｼ
2026-08-11 16:50:38.315 INFO  c.c.UsageLog.service.UsageService - 金額：20064
2026-08-11 16:50:38.315 INFO  c.c.UsageLog.service.UsageService - 購入日：2026-07-11
2026-08-11 16:50:38.315 INFO  c.c.UsageLog.service.UsageService - 行番号：33
2026-08-11 16:50:38.315 INFO  c.c.UsageLog.service.UsageService - 購入内容：マスター国内利用　MZZ ｱﾔﾊﾃﾞｨｵ ﾐﾉｵｻｲﾄﾃﾝ
2026-08-11 16:50:38.315 INFO  c.c.UsageLog.service.UsageService - 金額：6887
2026-08-11 16:50:38.315 INFO  c.c.UsageLog.service.UsageService - 購入日：2026-07-11
2026-08-11 16:50:38.323 INFO  c.c.UsageLog.service.UsageService - 行番号：34
2026-08-11 16:50:38.323 INFO  c.c.UsageLog.service.UsageService - 購入内容：楽天モバイル通信料
2026-08-11 16:50:38.323 INFO  c.c.UsageLog.service.UsageService - 金額：3278
2026-08-11 16:50:38.324 INFO  c.c.UsageLog.service.UsageService - 購入日：2026-07-11
2026-08-11 16:50:38.324 INFO  c.c.UsageLog.service.UsageService - 行番号：35
2026-08-11 16:50:38.324 INFO  c.c.UsageLog.service.UsageService - 購入内容：マスター国内利用　MZZ ｹｰﾃｨｰﾌﾞｲｽｲﾐﾝｸﾞﾊﾟ
2026-08-11 16:50:38.324 INFO  c.c.UsageLog.service.UsageService - 金額：600
2026-08-11 16:50:38.324 INFO  c.c.UsageLog.service.UsageService - 購入日：2026-07-10
2026-08-11 16:50:38.324 INFO  c.c.UsageLog.service.UsageService - 行番号：36
2026-08-11 16:50:38.325 INFO  c.c.UsageLog.service.UsageService - 購入内容：日本通信株式会社
2026-08-11 16:50:38.326 INFO  c.c.UsageLog.service.UsageService - 金額：2259
2026-08-11 16:50:38.326 INFO  c.c.UsageLog.service.UsageService - 購入日：2026-07-08
2026-08-11 16:50:38.326 INFO  c.c.UsageLog.service.UsageService - 行番号：37
2026-08-11 16:50:38.327 INFO  c.c.UsageLog.service.UsageService - 購入内容：マスター国内利用　MZZ SQ*ｸﾘｽﾌﾟｻﾗﾀﾞﾜｸｽｳ
2026-08-11 16:50:38.327 INFO  c.c.UsageLog.service.UsageService - 金額：1346
2026-08-11 16:50:38.327 INFO  c.c.UsageLog.service.UsageService - 購入日：2026-07-08
2026-08-11 16:50:38.327 INFO  c.c.UsageLog.service.UsageService - 行番号：38
2026-08-11 16:50:38.328 INFO  c.c.UsageLog.service.UsageService - 購入内容：マスター国内利用　MZZ ﾓﾊﾞｲﾙｲｺｶﾁﾔ-ｼﾞ
2026-08-11 16:50:38.328 INFO  c.c.UsageLog.service.UsageService - 金額：5000
2026-08-11 16:50:38.328 INFO  c.c.UsageLog.service.UsageService - 購入日：2026-07-08
2026-08-11 16:50:38.328 INFO  c.c.UsageLog.service.UsageService - 行番号：39
2026-08-11 16:50:38.328 INFO  c.c.UsageLog.service.UsageService - 購入内容：マスター国内利用　MZZ ﾏﾙｶﾞﾒｾｲﾒﾝ ｳﾒﾀﾞ/N
2026-08-11 16:50:38.328 INFO  c.c.UsageLog.service.UsageService - 金額：850
2026-08-11 16:50:38.328 INFO  c.c.UsageLog.service.UsageService - 購入日：2026-07-07
2026-08-11 16:50:38.328 INFO  c.c.UsageLog.service.UsageService - 行番号：40
2026-08-11 16:50:38.328 INFO  c.c.UsageLog.service.UsageService - 購入内容：マスター国内利用　MZZ ｲｵﾝ ﾐﾉｵ
2026-08-11 16:50:38.328 INFO  c.c.UsageLog.service.UsageService - 金額：2601
2026-08-11 16:50:38.328 INFO  c.c.UsageLog.service.UsageService - 購入日：2026-07-07
2026-08-11 16:50:38.329 INFO  c.c.UsageLog.service.UsageService - 行番号：41
2026-08-11 16:50:38.329 INFO  c.c.UsageLog.service.UsageService - 購入内容：エスト　7115462052188 01010
2026-08-11 16:50:38.329 INFO  c.c.UsageLog.service.UsageService - 金額：1430
2026-08-11 16:50:38.329 INFO  c.c.UsageLog.service.UsageService - 購入日：2026-07-06
2026-08-11 16:50:38.329 INFO  c.c.UsageLog.service.UsageService - 行番号：42
2026-08-11 16:50:38.329 INFO  c.c.UsageLog.service.UsageService - 購入内容：マスター国内利用　MZZ ﾅﾆﾜﾉﾕ
2026-08-11 16:50:38.329 INFO  c.c.UsageLog.service.UsageService - 金額：900
2026-08-11 16:50:38.329 INFO  c.c.UsageLog.service.UsageService - 購入日：2026-07-06
2026-08-11 16:50:38.329 INFO  c.c.UsageLog.service.UsageService - 行番号：43
2026-08-11 16:50:38.330 INFO  c.c.UsageLog.service.UsageService - 購入内容：マスター国内利用　MYY ﾐﾉｵｷﾕ-ｽﾞﾓ-ﾙﾃﾝ
2026-08-11 16:50:38.330 INFO  c.c.UsageLog.service.UsageService - 金額：567
2026-08-11 16:50:38.330 INFO  c.c.UsageLog.service.UsageService - 購入日：2026-07-04
2026-08-11 16:50:38.330 INFO  c.c.UsageLog.service.UsageService - 行番号：44
2026-08-11 16:50:38.330 INFO  c.c.UsageLog.service.UsageService - 購入内容：マスター国内利用　MZZ ﾐﾉｵｷﾕ-ｽﾞﾓ-ﾙ
2026-08-11 16:50:38.330 INFO  c.c.UsageLog.service.UsageService - 金額：160
2026-08-11 16:50:38.330 INFO  c.c.UsageLog.service.UsageService - 購入日：2026-07-04
2026-08-11 16:50:38.330 INFO  c.c.UsageLog.service.UsageService - 行番号：45
2026-08-11 16:50:38.330 INFO  c.c.UsageLog.service.UsageService - 購入内容：マスター国内利用　MZZ APPLE COM BILL
2026-08-11 16:50:38.330 INFO  c.c.UsageLog.service.UsageService - 金額：1500
2026-08-11 16:50:38.330 INFO  c.c.UsageLog.service.UsageService - 購入日：2026-07-03
2026-08-11 16:50:38.331 INFO  c.c.UsageLog.service.UsageService - 行番号：46
2026-08-11 16:50:38.331 INFO  c.c.UsageLog.service.UsageService - 購入内容：海外利用　１　GITHUB
2026-08-11 16:50:38.331 INFO  c.c.UsageLog.service.UsageService - 金額：1回払い
2026-08-11 16:50:38.332 WARN  o.s.w.s.m.m.a.ExceptionHandlerExceptionResolver - Resolved [java.lang.NumberFormatException: For input string: "1回払い"]
2026-08-11 16:57:35.126 INFO  o.s.o.j.LocalContainerEntityManagerFactoryBean - Closing JPA EntityManagerFactory for persistence unit 'default'
2026-08-11 16:57:35.126 INFO  com.zaxxer.hikari.HikariDataSource - HikariPool-1 - Shutdown initiated...
2026-08-11 16:57:35.141 INFO  com.zaxxer.hikari.HikariDataSource - HikariPool-1 - Shutdown completed.
2026-08-11 16:57:47.657 INFO  c.c.UsageLog.UsageLogApplication - Starting UsageLogApplication using Java 17.0.8 with PID 1960 (C:\workspace\UsageLog\target\classes started by chote in C:\workspace\UsageLog)
2026-08-11 16:57:47.660 INFO  c.c.UsageLog.UsageLogApplication - No active profile set, falling back to 1 default profile: "default"
2026-08-11 16:57:47.732 INFO  o.s.b.d.e.DevToolsPropertyDefaultsPostProcessor - Devtools property defaults active! Set 'spring.devtools.add-properties' to 'false' to disable
2026-08-11 16:57:47.732 INFO  o.s.b.d.e.DevToolsPropertyDefaultsPostProcessor - For additional web related logging consider setting the 'logging.level.web' property to 'DEBUG'
2026-08-11 16:57:49.201 INFO  o.s.d.r.c.RepositoryConfigurationDelegate - Bootstrapping Spring Data JPA repositories in DEFAULT mode.
2026-08-11 16:57:49.322 INFO  o.s.d.r.c.RepositoryConfigurationDelegate - Finished Spring Data repository scanning in 109 ms. Found 3 JPA repository interfaces.
2026-08-11 16:57:50.457 INFO  o.s.b.w.e.tomcat.TomcatWebServer - Tomcat initialized with port 8080 (http)
2026-08-11 16:57:50.509 INFO  o.a.coyote.http11.Http11NioProtocol - Initializing ProtocolHandler ["http-nio-8080"]
2026-08-11 16:57:50.513 INFO  o.a.catalina.core.StandardService - Starting service [Tomcat]
2026-08-11 16:57:50.514 INFO  o.a.catalina.core.StandardEngine - Starting Servlet engine: [Apache Tomcat/10.1.20]
2026-08-11 16:57:50.576 INFO  o.a.c.c.C.[Tomcat].[localhost].[/] - Initializing Spring embedded WebApplicationContext
2026-08-11 16:57:50.577 INFO  o.s.b.w.s.c.ServletWebServerApplicationContext - Root WebApplicationContext: initialization completed in 2842 ms
2026-08-11 16:57:51.022 INFO  o.h.jpa.internal.util.LogHelper - HHH000204: Processing PersistenceUnitInfo [name: default]
2026-08-11 16:57:51.081 INFO  org.hibernate.Version - HHH000412: Hibernate ORM core version 6.4.4.Final
2026-08-11 16:57:51.120 INFO  o.h.c.i.RegionFactoryInitiator - HHH000026: Second-level cache disabled
2026-08-11 16:57:51.411 INFO  o.s.o.j.p.SpringPersistenceUnitInfo - No LoadTimeWeaver setup: ignoring JPA class transformer
2026-08-11 16:57:51.447 INFO  com.zaxxer.hikari.HikariDataSource - HikariPool-1 - Starting...
2026-08-11 16:57:51.835 INFO  com.zaxxer.hikari.pool.HikariPool - HikariPool-1 - Added connection com.mysql.cj.jdbc.ConnectionImpl@20ad80a5
2026-08-11 16:57:51.839 INFO  com.zaxxer.hikari.HikariDataSource - HikariPool-1 - Start completed.
2026-08-11 16:57:52.884 INFO  o.h.e.t.j.p.i.JtaPlatformInitiator - HHH000489: No JTA platform available (set 'hibernate.transaction.jta.platform' to enable JTA platform integration)
2026-08-11 16:57:52.939 INFO  o.s.o.j.LocalContainerEntityManagerFactoryBean - Initialized JPA EntityManagerFactory for persistence unit 'default'
2026-08-11 16:57:53.306 INFO  o.s.d.j.r.query.QueryEnhancerFactory - Hibernate is in classpath; If applicable, HQL parser will be used.
2026-08-11 16:57:54.503 WARN  o.s.b.a.o.j.JpaBaseConfiguration$JpaWebConfiguration - spring.jpa.open-in-view is enabled by default. Therefore, database queries may be performed during view rendering. Explicitly configure spring.jpa.open-in-view to disable this warning
2026-08-11 16:57:54.570 INFO  o.s.b.a.w.s.WelcomePageHandlerMapping - Adding welcome page template: index
2026-08-11 16:57:55.581 INFO  o.s.b.d.a.OptionalLiveReloadServer - LiveReload server is running on port 35729
2026-08-11 16:57:55.594 INFO  o.s.b.a.e.web.EndpointLinksResolver - Exposing 1 endpoint(s) beneath base path '/actuator'
2026-08-11 16:57:55.685 INFO  o.a.coyote.http11.Http11NioProtocol - Starting ProtocolHandler ["http-nio-8080"]
2026-08-11 16:57:55.729 INFO  o.s.b.w.e.tomcat.TomcatWebServer - Tomcat started on port 8080 (http) with context path ''
2026-08-11 16:57:55.753 INFO  c.c.UsageLog.UsageLogApplication - Started UsageLogApplication in 8.769 seconds (process running for 10.069)
2026-08-11 16:57:56.785 INFO  o.a.c.c.C.[Tomcat].[localhost].[/] - Initializing Spring DispatcherServlet 'dispatcherServlet'
2026-08-11 16:57:56.786 INFO  o.s.web.servlet.DispatcherServlet - Initializing Servlet 'dispatcherServlet'
2026-08-11 16:57:56.787 INFO  o.s.web.servlet.DispatcherServlet - Completed initialization in 1 ms
2026-08-11 16:58:47.708 INFO  c.c.UsageLog.service.UsageService - 行番号：1
2026-08-11 16:58:47.709 INFO  c.c.UsageLog.service.UsageService - 行番号：2
2026-08-11 16:58:47.710 INFO  c.c.UsageLog.service.UsageService - 購入内容：マスター国内利用　MZZ ｲｵﾝ ﾐﾉｵ
2026-08-11 16:58:47.710 INFO  c.c.UsageLog.service.UsageService - 金額：1030
2026-08-11 16:58:50.798 INFO  c.c.UsageLog.service.UsageService - 購入日：2026-07-30
2026-08-11 16:58:50.799 INFO  c.c.UsageLog.service.UsageService - 行番号：3
2026-08-11 16:58:50.799 INFO  c.c.UsageLog.service.UsageService - 購入内容：マスター国内利用　MZZ APPLE COM BILL
2026-08-11 16:58:50.800 INFO  c.c.UsageLog.service.UsageService - 金額：1280
2026-08-11 16:58:53.212 INFO  c.c.UsageLog.service.UsageService - 購入日：2026-07-29
2026-08-11 16:58:53.213 INFO  c.c.UsageLog.service.UsageService - 行番号：4
2026-08-11 16:58:53.213 INFO  c.c.UsageLog.service.UsageService - 購入内容：エスト　7115462052177 04554
2026-08-11 16:58:53.214 INFO  c.c.UsageLog.service.UsageService - 金額：990
2026-08-11 16:58:54.418 INFO  c.c.UsageLog.service.UsageService - 購入日：2026-07-29
2026-08-11 16:58:54.419 INFO  c.c.UsageLog.service.UsageService - 行番号：5
2026-08-11 16:58:54.419 INFO  c.c.UsageLog.service.UsageService - 購入内容：セブン－イレブン
2026-08-11 16:58:54.419 INFO  c.c.UsageLog.service.UsageService - 金額：321
2026-08-11 16:59:05.722 INFO  c.c.UsageLog.service.UsageService - 購入日：2026-07-27
2026-08-11 16:59:05.723 INFO  c.c.UsageLog.service.UsageService - 行番号：6
2026-08-11 16:59:05.724 INFO  c.c.UsageLog.service.UsageService - 購入内容：マスター国内利用　MZZ ﾎﾜｲﾃｲｳﾒﾀﾞ/NFC
2026-08-11 16:59:05.724 INFO  c.c.UsageLog.service.UsageService - 金額：880
2026-08-11 16:59:08.326 INFO  c.c.UsageLog.service.UsageService - 購入日：2026-07-27
2026-08-11 16:59:08.327 INFO  c.c.UsageLog.service.UsageService - 行番号：7
2026-08-11 16:59:08.328 INFO  c.c.UsageLog.service.UsageService - 購入内容：マスター国内利用　MZZ ﾌｱﾐﾘ-ﾏ-ﾄﾐﾉｵﾆｼｼﾞﾕ
2026-08-11 16:59:08.328 INFO  c.c.UsageLog.service.UsageService - 金額：1109
2026-08-11 16:59:09.143 INFO  c.c.UsageLog.service.UsageService - 購入日：2026-07-26
2026-08-11 16:59:09.143 INFO  c.c.UsageLog.service.UsageService - 行番号：8
2026-08-11 16:59:09.144 INFO  c.c.UsageLog.service.UsageService - 購入内容：マスター国内利用　MZZ ﾓﾊﾞｲﾙｲｺｶﾁﾔ-ｼﾞ
2026-08-11 16:59:09.145 INFO  c.c.UsageLog.service.UsageService - 金額：5000
2026-08-11 16:59:10.003 INFO  c.c.UsageLog.service.UsageService - 購入日：2026-07-26
2026-08-11 16:59:10.003 INFO  c.c.UsageLog.service.UsageService - 行番号：9
2026-08-11 16:59:10.004 INFO  c.c.UsageLog.service.UsageService - 購入内容：マスター国内利用　MZZ ﾌﾞﾂｸｵﾌﾐﾉｵｼﾔｸｼﾖﾏｴ
2026-08-11 16:59:10.004 INFO  c.c.UsageLog.service.UsageService - 金額：1336
2026-08-11 16:59:10.851 INFO  c.c.UsageLog.service.UsageService - 購入日：2026-07-25
2026-08-11 16:59:10.851 INFO  c.c.UsageLog.service.UsageService - 行番号：10
2026-08-11 16:59:10.852 INFO  c.c.UsageLog.service.UsageService - 購入内容：海外利用　１　GITHUB INC.
2026-08-11 16:59:10.852 INFO  c.c.UsageLog.service.UsageService - 金額：1869
2026-08-11 17:00:32.552 INFO  c.c.UsageLog.service.UsageService - 購入日：2026-07-24
2026-08-11 17:00:43.046 INFO  c.c.UsageLog.service.UsageService - 行番号：11
2026-08-11 17:00:46.124 INFO  c.c.UsageLog.service.UsageService - 購入内容：マスター国内利用　MZZ AMAZON.CO.JP
2026-08-11 17:00:46.125 INFO  c.c.UsageLog.service.UsageService - 金額：1259
2026-08-11 17:00:51.076 INFO  c.c.UsageLog.service.UsageService - 購入日：2026-07-23
2026-08-11 17:00:51.078 INFO  c.c.UsageLog.service.UsageService - 行番号：12
2026-08-11 17:00:51.081 INFO  c.c.UsageLog.service.UsageService - 購入内容：マスター国内利用　MZZ ﾒﾙｶﾘ/AP
2026-08-11 17:00:51.083 INFO  c.c.UsageLog.service.UsageService - 金額：3700
2026-08-11 17:00:51.085 INFO  c.c.UsageLog.service.UsageService - 購入日：2026-07-23
2026-08-11 17:00:51.086 INFO  c.c.UsageLog.service.UsageService - 行番号：13
2026-08-11 17:00:51.088 INFO  c.c.UsageLog.service.UsageService - 購入内容：マスター国内利用　MZZ SQ*ｸﾘｽﾌﾟｻﾗﾀﾞﾜｸｽｳ
2026-08-11 17:00:51.089 INFO  c.c.UsageLog.service.UsageService - 金額：1634
2026-08-11 17:00:51.091 INFO  c.c.UsageLog.service.UsageService - 購入日：2026-07-22
2026-08-11 17:00:51.093 INFO  c.c.UsageLog.service.UsageService - 行番号：14
2026-08-11 17:00:51.094 INFO  c.c.UsageLog.service.UsageService - 購入内容：マスター国内利用　MZZ ﾓﾊﾞｲﾙｲｺｶﾁﾔ-ｼﾞ
2026-08-11 17:00:51.095 INFO  c.c.UsageLog.service.UsageService - 金額：2000
2026-08-11 17:00:51.096 INFO  c.c.UsageLog.service.UsageService - 購入日：2026-07-22
2026-08-11 17:00:51.097 INFO  c.c.UsageLog.service.UsageService - 行番号：15
2026-08-11 17:00:51.098 INFO  c.c.UsageLog.service.UsageService - 購入内容：マスター国内利用　MZZ ﾐﾉｵｷﾕ-ｽﾞﾓ-ﾙ
2026-08-11 17:00:51.099 INFO  c.c.UsageLog.service.UsageService - 金額：9020
2026-08-11 17:00:51.099 INFO  c.c.UsageLog.service.UsageService - 購入日：2026-07-20
2026-08-11 17:00:51.100 INFO  c.c.UsageLog.service.UsageService - 行番号：16
2026-08-11 17:00:51.101 INFO  c.c.UsageLog.service.UsageService - 購入内容：マスター国内利用　MZZ ﾐﾉｵｷﾕ-ｽﾞﾓ-ﾙ
2026-08-11 17:00:51.102 INFO  c.c.UsageLog.service.UsageService - 金額：220
2026-08-11 17:00:51.103 INFO  c.c.UsageLog.service.UsageService - 購入日：2026-07-20
2026-08-11 17:00:51.104 INFO  c.c.UsageLog.service.UsageService - 行番号：17
2026-08-11 17:00:51.104 INFO  c.c.UsageLog.service.UsageService - 購入内容：マスター国内利用　MZZ ｻｲｶｽﾏｰﾄﾅﾋﾞﾆｼﾆﾎﾝ
2026-08-11 17:00:51.105 INFO  c.c.UsageLog.service.UsageService - 金額：2500
2026-08-11 17:00:51.105 INFO  c.c.UsageLog.service.UsageService - 購入日：2026-07-20
2026-08-11 17:00:51.106 INFO  c.c.UsageLog.service.UsageService - 行番号：18
2026-08-11 17:00:51.107 INFO  c.c.UsageLog.service.UsageService - 購入内容：マスター国内利用　MYY ｲﾙﾏ-ﾚ
2026-08-11 17:00:51.107 INFO  c.c.UsageLog.service.UsageService - 金額：7300
2026-08-11 17:00:51.107 INFO  c.c.UsageLog.service.UsageService - 購入日：2026-07-19
2026-08-11 17:00:51.108 INFO  c.c.UsageLog.service.UsageService - 行番号：19
2026-08-11 17:00:51.109 INFO  c.c.UsageLog.service.UsageService - 購入内容：マスター国内利用　MZZ ﾔｸｼﾏｸｳｺｳﾀ-ﾐﾅ
2026-08-11 17:00:51.110 INFO  c.c.UsageLog.service.UsageService - 金額：324
2026-08-11 17:00:51.111 INFO  c.c.UsageLog.service.UsageService - 購入日：2026-07-19
2026-08-11 17:00:51.111 INFO  c.c.UsageLog.service.UsageService - 行番号：20
2026-08-11 17:00:51.112 INFO  c.c.UsageLog.service.UsageService - 購入内容：マスター国内利用　MZZ ﾔｸｼﾏｸｳｺｳﾀ-ﾐﾅ
2026-08-11 17:00:51.112 INFO  c.c.UsageLog.service.UsageService - 金額：2249
2026-08-11 17:00:51.113 INFO  c.c.UsageLog.service.UsageService - 購入日：2026-07-19
2026-08-11 17:00:51.114 INFO  c.c.UsageLog.service.UsageService - 行番号：21
2026-08-11 17:00:51.115 INFO  c.c.UsageLog.service.UsageService - 購入内容：マスター国内利用　MZZ ﾄｳｷｮｳﾆﾎﾝｺｳﾂｳｶﾌﾞｼ
2026-08-11 17:00:51.116 INFO  c.c.UsageLog.service.UsageService - 金額：800
2026-08-11 17:00:51.117 INFO  c.c.UsageLog.service.UsageService - 購入日：2026-07-19
2026-08-11 17:00:51.118 INFO  c.c.UsageLog.service.UsageService - 行番号：22
2026-08-11 17:00:51.119 INFO  c.c.UsageLog.service.UsageService - 購入内容：マスター国内利用　MZZ ﾏﾙｶﾞﾒｾｲﾒﾝ ﾐﾉｵ/NF
2026-08-11 17:00:51.119 INFO  c.c.UsageLog.service.UsageService - 金額：2130
2026-08-11 17:00:51.120 INFO  c.c.UsageLog.service.UsageService - 購入日：2026-07-19
2026-08-11 17:00:51.121 INFO  c.c.UsageLog.service.UsageService - 行番号：23
2026-08-11 17:00:51.121 INFO  c.c.UsageLog.service.UsageService - 購入内容：マスター国内利用　MYY ﾅｶｶﾞﾜｽﾎﾟ-ﾂ
2026-08-11 17:00:51.122 INFO  c.c.UsageLog.service.UsageService - 金額：770
2026-08-11 17:00:51.122 INFO  c.c.UsageLog.service.UsageService - 購入日：2026-07-17
2026-08-11 17:00:51.123 INFO  c.c.UsageLog.service.UsageService - 行番号：24
2026-08-11 17:00:51.124 INFO  c.c.UsageLog.service.UsageService - 購入内容：マスター国内利用　MYY ﾔｸｼﾏｶﾝｷﾖｳﾌﾞﾝｶﾑﾗｾ
2026-08-11 17:00:51.124 INFO  c.c.UsageLog.service.UsageService - 金額：2200
2026-08-11 17:00:51.125 INFO  c.c.UsageLog.service.UsageService - 購入日：2026-07-17
2026-08-11 17:00:51.125 INFO  c.c.UsageLog.service.UsageService - 行番号：25
2026-08-11 17:00:51.126 INFO  c.c.UsageLog.service.UsageService - 購入内容：マスター国内利用　MZZ ﾔｸｼﾏｶﾝｺｳｾﾝﾀｰ
2026-08-11 17:00:51.127 INFO  c.c.UsageLog.service.UsageService - 金額：3862
2026-08-11 17:00:51.127 INFO  c.c.UsageLog.service.UsageService - 購入日：2026-07-17
2026-08-11 17:00:51.128 INFO  c.c.UsageLog.service.UsageService - 行番号：26
2026-08-11 17:00:51.128 INFO  c.c.UsageLog.service.UsageService - 購入内容：マスター国内利用　MZZ ｲﾀﾐｸｳｺｳﾀ-ﾐﾅﾙﾋﾞﾙ
2026-08-11 17:00:51.129 INFO  c.c.UsageLog.service.UsageService - 金額：151
2026-08-11 17:00:51.130 INFO  c.c.UsageLog.service.UsageService - 購入日：2026-07-17
2026-08-11 17:00:51.131 INFO  c.c.UsageLog.service.UsageService - 行番号：27
2026-08-11 17:00:51.132 INFO  c.c.UsageLog.service.UsageService - 購入内容：楽天証券投信積立０．５％～
2026-08-11 17:00:51.133 INFO  c.c.UsageLog.service.UsageService - 金額：60000
2026-08-11 17:00:51.134 INFO  c.c.UsageLog.service.UsageService - 購入日：2026-07-16
2026-08-11 17:00:51.134 INFO  c.c.UsageLog.service.UsageService - 行番号：28
2026-08-11 17:00:51.135 INFO  c.c.UsageLog.service.UsageService - 購入内容：ＪＣＢ国内利用　QP  ｽｸｴｱ ｸﾘｽﾌﾟｻﾗﾀﾞﾜ-
2026-08-11 17:00:51.136 INFO  c.c.UsageLog.service.UsageService - 金額：1058
2026-08-11 17:00:51.136 INFO  c.c.UsageLog.service.UsageService - 購入日：2026-07-14
2026-08-11 17:00:51.137 INFO  c.c.UsageLog.service.UsageService - 行番号：29
2026-08-11 17:00:51.138 INFO  c.c.UsageLog.service.UsageService - 購入内容：マスター国内利用　MZZ ﾓﾊﾞｲﾙｲｺｶﾁﾔ-ｼﾞ
2026-08-11 17:00:51.138 INFO  c.c.UsageLog.service.UsageService - 金額：5000
2026-08-11 17:00:51.138 INFO  c.c.UsageLog.service.UsageService - 購入日：2026-07-14
2026-08-11 17:00:51.139 INFO  c.c.UsageLog.service.UsageService - 行番号：30
2026-08-11 17:00:51.140 INFO  c.c.UsageLog.service.UsageService - 購入内容：マスター国内利用　MZZ AMAZON.CO.JP
2026-08-11 17:00:51.141 INFO  c.c.UsageLog.service.UsageService - 金額：990
2026-08-11 17:00:51.142 INFO  c.c.UsageLog.service.UsageService - 購入日：2026-07-13
2026-08-11 17:00:51.142 INFO  c.c.UsageLog.service.UsageService - 行番号：31
2026-08-11 17:00:51.143 INFO  c.c.UsageLog.service.UsageService - 購入内容：マスター国内利用　MZZ ｻﾝｸﾁﾕｱﾘ ﾐﾉｵﾃﾝ/NF
2026-08-11 17:00:51.143 INFO  c.c.UsageLog.service.UsageService - 金額：3859
2026-08-11 17:00:51.144 INFO  c.c.UsageLog.service.UsageService - 購入日：2026-07-12
2026-08-11 17:00:51.145 INFO  c.c.UsageLog.service.UsageService - 行番号：32
2026-08-11 17:00:51.145 INFO  c.c.UsageLog.service.UsageService - 購入内容：マスター国内利用　MZZ ﾊﾝｽﾞ ｼﾝｻｲﾊﾞｼ
2026-08-11 17:00:51.146 INFO  c.c.UsageLog.service.UsageService - 金額：20064
2026-08-11 17:00:51.146 INFO  c.c.UsageLog.service.UsageService - 購入日：2026-07-11
2026-08-11 17:00:51.147 INFO  c.c.UsageLog.service.UsageService - 行番号：33
2026-08-11 17:00:51.148 INFO  c.c.UsageLog.service.UsageService - 購入内容：マスター国内利用　MZZ ｱﾔﾊﾃﾞｨｵ ﾐﾉｵｻｲﾄﾃﾝ
2026-08-11 17:00:51.148 INFO  c.c.UsageLog.service.UsageService - 金額：6887
2026-08-11 17:00:51.149 INFO  c.c.UsageLog.service.UsageService - 購入日：2026-07-11
2026-08-11 17:00:51.149 INFO  c.c.UsageLog.service.UsageService - 行番号：34
2026-08-11 17:00:51.150 INFO  c.c.UsageLog.service.UsageService - 購入内容：楽天モバイル通信料
2026-08-11 17:00:51.150 INFO  c.c.UsageLog.service.UsageService - 金額：3278
2026-08-11 17:00:51.151 INFO  c.c.UsageLog.service.UsageService - 購入日：2026-07-11
2026-08-11 17:00:51.151 INFO  c.c.UsageLog.service.UsageService - 行番号：35
2026-08-11 17:00:51.152 INFO  c.c.UsageLog.service.UsageService - 購入内容：マスター国内利用　MZZ ｹｰﾃｨｰﾌﾞｲｽｲﾐﾝｸﾞﾊﾟ
2026-08-11 17:00:51.152 INFO  c.c.UsageLog.service.UsageService - 金額：600
2026-08-11 17:00:51.153 INFO  c.c.UsageLog.service.UsageService - 購入日：2026-07-10
2026-08-11 17:00:51.153 INFO  c.c.UsageLog.service.UsageService - 行番号：36
2026-08-11 17:00:51.154 INFO  c.c.UsageLog.service.UsageService - 購入内容：日本通信株式会社
2026-08-11 17:00:51.154 INFO  c.c.UsageLog.service.UsageService - 金額：2259
2026-08-11 17:00:51.155 INFO  c.c.UsageLog.service.UsageService - 購入日：2026-07-08
2026-08-11 17:00:51.156 INFO  c.c.UsageLog.service.UsageService - 行番号：37
2026-08-11 17:00:51.156 INFO  c.c.UsageLog.service.UsageService - 購入内容：マスター国内利用　MZZ SQ*ｸﾘｽﾌﾟｻﾗﾀﾞﾜｸｽｳ
2026-08-11 17:00:51.157 INFO  c.c.UsageLog.service.UsageService - 金額：1346
2026-08-11 17:00:51.157 INFO  c.c.UsageLog.service.UsageService - 購入日：2026-07-08
2026-08-11 17:00:51.158 INFO  c.c.UsageLog.service.UsageService - 行番号：38
2026-08-11 17:00:51.159 INFO  c.c.UsageLog.service.UsageService - 購入内容：マスター国内利用　MZZ ﾓﾊﾞｲﾙｲｺｶﾁﾔ-ｼﾞ
2026-08-11 17:00:51.159 INFO  c.c.UsageLog.service.UsageService - 金額：5000
2026-08-11 17:00:51.160 INFO  c.c.UsageLog.service.UsageService - 購入日：2026-07-08
2026-08-11 17:00:51.161 INFO  c.c.UsageLog.service.UsageService - 行番号：39
2026-08-11 17:00:51.162 INFO  c.c.UsageLog.service.UsageService - 購入内容：マスター国内利用　MZZ ﾏﾙｶﾞﾒｾｲﾒﾝ ｳﾒﾀﾞ/N
2026-08-11 17:00:51.163 INFO  c.c.UsageLog.service.UsageService - 金額：850
2026-08-11 17:00:51.164 INFO  c.c.UsageLog.service.UsageService - 購入日：2026-07-07
2026-08-11 17:00:51.165 INFO  c.c.UsageLog.service.UsageService - 行番号：40
2026-08-11 17:00:51.166 INFO  c.c.UsageLog.service.UsageService - 購入内容：マスター国内利用　MZZ ｲｵﾝ ﾐﾉｵ
2026-08-11 17:00:51.166 INFO  c.c.UsageLog.service.UsageService - 金額：2601
2026-08-11 17:00:51.167 INFO  c.c.UsageLog.service.UsageService - 購入日：2026-07-07
2026-08-11 17:00:51.167 INFO  c.c.UsageLog.service.UsageService - 行番号：41
2026-08-11 17:00:51.168 INFO  c.c.UsageLog.service.UsageService - 購入内容：エスト　7115462052188 01010
2026-08-11 17:00:51.168 INFO  c.c.UsageLog.service.UsageService - 金額：1430
2026-08-11 17:00:51.169 INFO  c.c.UsageLog.service.UsageService - 購入日：2026-07-06
2026-08-11 17:00:51.170 INFO  c.c.UsageLog.service.UsageService - 行番号：42
2026-08-11 17:00:51.171 INFO  c.c.UsageLog.service.UsageService - 購入内容：マスター国内利用　MZZ ﾅﾆﾜﾉﾕ
2026-08-11 17:00:51.171 INFO  c.c.UsageLog.service.UsageService - 金額：900
2026-08-11 17:00:51.172 INFO  c.c.UsageLog.service.UsageService - 購入日：2026-07-06
2026-08-11 17:00:51.172 INFO  c.c.UsageLog.service.UsageService - 行番号：43
2026-08-11 17:00:51.173 INFO  c.c.UsageLog.service.UsageService - 購入内容：マスター国内利用　MYY ﾐﾉｵｷﾕ-ｽﾞﾓ-ﾙﾃﾝ
2026-08-11 17:00:51.174 INFO  c.c.UsageLog.service.UsageService - 金額：567
2026-08-11 17:00:51.174 INFO  c.c.UsageLog.service.UsageService - 購入日：2026-07-04
2026-08-11 17:00:51.175 INFO  c.c.UsageLog.service.UsageService - 行番号：44
2026-08-11 17:00:51.175 INFO  c.c.UsageLog.service.UsageService - 購入内容：マスター国内利用　MZZ ﾐﾉｵｷﾕ-ｽﾞﾓ-ﾙ
2026-08-11 17:00:51.176 INFO  c.c.UsageLog.service.UsageService - 金額：160
2026-08-11 17:00:51.176 INFO  c.c.UsageLog.service.UsageService - 購入日：2026-07-04
2026-08-11 17:00:51.177 INFO  c.c.UsageLog.service.UsageService - 行番号：45
2026-08-11 17:00:51.178 INFO  c.c.UsageLog.service.UsageService - 購入内容：マスター国内利用　MZZ APPLE COM BILL
2026-08-11 17:00:51.179 INFO  c.c.UsageLog.service.UsageService - 金額：1500
2026-08-11 17:00:51.180 INFO  c.c.UsageLog.service.UsageService - 購入日：2026-07-03
2026-08-11 17:00:51.181 INFO  c.c.UsageLog.service.UsageService - 行番号：46
2026-08-11 17:00:51.182 INFO  c.c.UsageLog.service.UsageService - 購入内容：海外利用　１　GITHUB
2026-08-11 17:00:51.182 INFO  c.c.UsageLog.service.UsageService - 金額：1回払い
2026-08-11 17:00:51.189 WARN  o.s.w.s.m.m.a.ExceptionHandlerExceptionResolver - Resolved [java.lang.NumberFormatException: For input string: "1回払い"]
2026-08-11 17:02:14.830 INFO  c.c.UsageLog.service.UsageService - 行番号：1
2026-08-11 17:02:14.830 INFO  c.c.UsageLog.service.UsageService - 行番号：2
2026-08-11 17:02:14.830 INFO  c.c.UsageLog.service.UsageService - 購入内容：マスター国内利用　MZZ ｲｵﾝ ﾐﾉｵ
2026-08-11 17:02:14.830 INFO  c.c.UsageLog.service.UsageService - 金額：1030
2026-08-11 17:02:14.830 INFO  c.c.UsageLog.service.UsageService - 購入日：2026-07-30
2026-08-11 17:02:14.830 INFO  c.c.UsageLog.service.UsageService - 行番号：3
2026-08-11 17:02:14.830 INFO  c.c.UsageLog.service.UsageService - 購入内容：マスター国内利用　MZZ APPLE COM BILL
2026-08-11 17:02:14.830 INFO  c.c.UsageLog.service.UsageService - 金額：1280
2026-08-11 17:02:14.830 INFO  c.c.UsageLog.service.UsageService - 購入日：2026-07-29
2026-08-11 17:02:14.830 INFO  c.c.UsageLog.service.UsageService - 行番号：4
2026-08-11 17:02:14.830 INFO  c.c.UsageLog.service.UsageService - 購入内容：エスト　7115462052177 04554
2026-08-11 17:02:14.830 INFO  c.c.UsageLog.service.UsageService - 金額：990
2026-08-11 17:02:14.830 INFO  c.c.UsageLog.service.UsageService - 購入日：2026-07-29
2026-08-11 17:02:14.830 INFO  c.c.UsageLog.service.UsageService - 行番号：5
2026-08-11 17:02:14.830 INFO  c.c.UsageLog.service.UsageService - 購入内容：セブン－イレブン
2026-08-11 17:02:14.830 INFO  c.c.UsageLog.service.UsageService - 金額：321
2026-08-11 17:02:14.830 INFO  c.c.UsageLog.service.UsageService - 購入日：2026-07-27
2026-08-11 17:02:14.830 INFO  c.c.UsageLog.service.UsageService - 行番号：6
2026-08-11 17:02:14.830 INFO  c.c.UsageLog.service.UsageService - 購入内容：マスター国内利用　MZZ ﾎﾜｲﾃｲｳﾒﾀﾞ/NFC
2026-08-11 17:02:14.830 INFO  c.c.UsageLog.service.UsageService - 金額：880
2026-08-11 17:02:14.830 INFO  c.c.UsageLog.service.UsageService - 購入日：2026-07-27
2026-08-11 17:02:14.830 INFO  c.c.UsageLog.service.UsageService - 行番号：7
2026-08-11 17:02:14.830 INFO  c.c.UsageLog.service.UsageService - 購入内容：マスター国内利用　MZZ ﾌｱﾐﾘ-ﾏ-ﾄﾐﾉｵﾆｼｼﾞﾕ
2026-08-11 17:02:14.830 INFO  c.c.UsageLog.service.UsageService - 金額：1109
2026-08-11 17:02:14.830 INFO  c.c.UsageLog.service.UsageService - 購入日：2026-07-26
2026-08-11 17:02:14.830 INFO  c.c.UsageLog.service.UsageService - 行番号：8
2026-08-11 17:02:14.830 INFO  c.c.UsageLog.service.UsageService - 購入内容：マスター国内利用　MZZ ﾓﾊﾞｲﾙｲｺｶﾁﾔ-ｼﾞ
2026-08-11 17:02:14.830 INFO  c.c.UsageLog.service.UsageService - 金額：5000
2026-08-11 17:02:14.830 INFO  c.c.UsageLog.service.UsageService - 購入日：2026-07-26
2026-08-11 17:02:14.830 INFO  c.c.UsageLog.service.UsageService - 行番号：9
2026-08-11 17:02:14.830 INFO  c.c.UsageLog.service.UsageService - 購入内容：マスター国内利用　MZZ ﾌﾞﾂｸｵﾌﾐﾉｵｼﾔｸｼﾖﾏｴ
2026-08-11 17:02:14.830 INFO  c.c.UsageLog.service.UsageService - 金額：1336
2026-08-11 17:02:14.830 INFO  c.c.UsageLog.service.UsageService - 購入日：2026-07-25
2026-08-11 17:02:14.830 INFO  c.c.UsageLog.service.UsageService - 行番号：10
2026-08-11 17:02:14.830 INFO  c.c.UsageLog.service.UsageService - 購入内容：海外利用　１　GITHUB INC.
2026-08-11 17:02:14.830 INFO  c.c.UsageLog.service.UsageService - 金額：1869
2026-08-11 17:02:14.830 INFO  c.c.UsageLog.service.UsageService - 購入日：2026-07-24
2026-08-11 17:02:14.830 INFO  c.c.UsageLog.service.UsageService - 行番号：11
2026-08-11 17:02:14.845 INFO  c.c.UsageLog.service.UsageService - 購入内容：マスター国内利用　MZZ AMAZON.CO.JP
2026-08-11 17:02:14.846 INFO  c.c.UsageLog.service.UsageService - 金額：1259
2026-08-11 17:02:14.846 INFO  c.c.UsageLog.service.UsageService - 購入日：2026-07-23
2026-08-11 17:02:14.846 INFO  c.c.UsageLog.service.UsageService - 行番号：12
2026-08-11 17:02:14.846 INFO  c.c.UsageLog.service.UsageService - 購入内容：マスター国内利用　MZZ ﾒﾙｶﾘ/AP
2026-08-11 17:02:14.846 INFO  c.c.UsageLog.service.UsageService - 金額：3700
2026-08-11 17:02:14.847 INFO  c.c.UsageLog.service.UsageService - 購入日：2026-07-23
2026-08-11 17:02:14.847 INFO  c.c.UsageLog.service.UsageService - 行番号：13
2026-08-11 17:02:14.847 INFO  c.c.UsageLog.service.UsageService - 購入内容：マスター国内利用　MZZ SQ*ｸﾘｽﾌﾟｻﾗﾀﾞﾜｸｽｳ
2026-08-11 17:02:14.847 INFO  c.c.UsageLog.service.UsageService - 金額：1634
2026-08-11 17:02:14.847 INFO  c.c.UsageLog.service.UsageService - 購入日：2026-07-22
2026-08-11 17:02:14.847 INFO  c.c.UsageLog.service.UsageService - 行番号：14
2026-08-11 17:02:14.847 INFO  c.c.UsageLog.service.UsageService - 購入内容：マスター国内利用　MZZ ﾓﾊﾞｲﾙｲｺｶﾁﾔ-ｼﾞ
2026-08-11 17:02:14.847 INFO  c.c.UsageLog.service.UsageService - 金額：2000
2026-08-11 17:02:14.847 INFO  c.c.UsageLog.service.UsageService - 購入日：2026-07-22
2026-08-11 17:02:14.847 INFO  c.c.UsageLog.service.UsageService - 行番号：15
2026-08-11 17:02:14.847 INFO  c.c.UsageLog.service.UsageService - 購入内容：マスター国内利用　MZZ ﾐﾉｵｷﾕ-ｽﾞﾓ-ﾙ
2026-08-11 17:02:14.847 INFO  c.c.UsageLog.service.UsageService - 金額：9020
2026-08-11 17:02:14.847 INFO  c.c.UsageLog.service.UsageService - 購入日：2026-07-20
2026-08-11 17:02:14.847 INFO  c.c.UsageLog.service.UsageService - 行番号：16
2026-08-11 17:02:14.847 INFO  c.c.UsageLog.service.UsageService - 購入内容：マスター国内利用　MZZ ﾐﾉｵｷﾕ-ｽﾞﾓ-ﾙ
2026-08-11 17:02:14.847 INFO  c.c.UsageLog.service.UsageService - 金額：220
2026-08-11 17:02:14.847 INFO  c.c.UsageLog.service.UsageService - 購入日：2026-07-20
2026-08-11 17:02:14.847 INFO  c.c.UsageLog.service.UsageService - 行番号：17
2026-08-11 17:02:14.847 INFO  c.c.UsageLog.service.UsageService - 購入内容：マスター国内利用　MZZ ｻｲｶｽﾏｰﾄﾅﾋﾞﾆｼﾆﾎﾝ
2026-08-11 17:02:14.847 INFO  c.c.UsageLog.service.UsageService - 金額：2500
2026-08-11 17:02:14.847 INFO  c.c.UsageLog.service.UsageService - 購入日：2026-07-20
2026-08-11 17:02:14.847 INFO  c.c.UsageLog.service.UsageService - 行番号：18
2026-08-11 17:02:14.847 INFO  c.c.UsageLog.service.UsageService - 購入内容：マスター国内利用　MYY ｲﾙﾏ-ﾚ
2026-08-11 17:02:14.847 INFO  c.c.UsageLog.service.UsageService - 金額：7300
2026-08-11 17:02:14.847 INFO  c.c.UsageLog.service.UsageService - 購入日：2026-07-19
2026-08-11 17:02:14.847 INFO  c.c.UsageLog.service.UsageService - 行番号：19
2026-08-11 17:02:14.847 INFO  c.c.UsageLog.service.UsageService - 購入内容：マスター国内利用　MZZ ﾔｸｼﾏｸｳｺｳﾀ-ﾐﾅ
2026-08-11 17:02:14.847 INFO  c.c.UsageLog.service.UsageService - 金額：324
2026-08-11 17:02:14.847 INFO  c.c.UsageLog.service.UsageService - 購入日：2026-07-19
2026-08-11 17:02:14.847 INFO  c.c.UsageLog.service.UsageService - 行番号：20
2026-08-11 17:02:14.847 INFO  c.c.UsageLog.service.UsageService - 購入内容：マスター国内利用　MZZ ﾔｸｼﾏｸｳｺｳﾀ-ﾐﾅ
2026-08-11 17:02:14.847 INFO  c.c.UsageLog.service.UsageService - 金額：2249
2026-08-11 17:02:14.847 INFO  c.c.UsageLog.service.UsageService - 購入日：2026-07-19
2026-08-11 17:02:14.847 INFO  c.c.UsageLog.service.UsageService - 行番号：21
2026-08-11 17:02:14.847 INFO  c.c.UsageLog.service.UsageService - 購入内容：マスター国内利用　MZZ ﾄｳｷｮｳﾆﾎﾝｺｳﾂｳｶﾌﾞｼ
2026-08-11 17:02:14.847 INFO  c.c.UsageLog.service.UsageService - 金額：800
2026-08-11 17:02:14.847 INFO  c.c.UsageLog.service.UsageService - 購入日：2026-07-19
2026-08-11 17:02:14.847 INFO  c.c.UsageLog.service.UsageService - 行番号：22
2026-08-11 17:02:14.847 INFO  c.c.UsageLog.service.UsageService - 購入内容：マスター国内利用　MZZ ﾏﾙｶﾞﾒｾｲﾒﾝ ﾐﾉｵ/NF
2026-08-11 17:02:14.847 INFO  c.c.UsageLog.service.UsageService - 金額：2130
2026-08-11 17:02:14.847 INFO  c.c.UsageLog.service.UsageService - 購入日：2026-07-19
2026-08-11 17:02:14.847 INFO  c.c.UsageLog.service.UsageService - 行番号：23
2026-08-11 17:02:14.847 INFO  c.c.UsageLog.service.UsageService - 購入内容：マスター国内利用　MYY ﾅｶｶﾞﾜｽﾎﾟ-ﾂ
2026-08-11 17:02:14.847 INFO  c.c.UsageLog.service.UsageService - 金額：770
2026-08-11 17:02:14.847 INFO  c.c.UsageLog.service.UsageService - 購入日：2026-07-17
2026-08-11 17:02:14.847 INFO  c.c.UsageLog.service.UsageService - 行番号：24
2026-08-11 17:02:14.847 INFO  c.c.UsageLog.service.UsageService - 購入内容：マスター国内利用　MYY ﾔｸｼﾏｶﾝｷﾖｳﾌﾞﾝｶﾑﾗｾ
2026-08-11 17:02:14.847 INFO  c.c.UsageLog.service.UsageService - 金額：2200
2026-08-11 17:02:14.855 INFO  c.c.UsageLog.service.UsageService - 購入日：2026-07-17
2026-08-11 17:02:14.855 INFO  c.c.UsageLog.service.UsageService - 行番号：25
2026-08-11 17:02:14.855 INFO  c.c.UsageLog.service.UsageService - 購入内容：マスター国内利用　MZZ ﾔｸｼﾏｶﾝｺｳｾﾝﾀｰ
2026-08-11 17:02:14.855 INFO  c.c.UsageLog.service.UsageService - 金額：3862
2026-08-11 17:02:14.855 INFO  c.c.UsageLog.service.UsageService - 購入日：2026-07-17
2026-08-11 17:02:14.855 INFO  c.c.UsageLog.service.UsageService - 行番号：26
2026-08-11 17:02:14.855 INFO  c.c.UsageLog.service.UsageService - 購入内容：マスター国内利用　MZZ ｲﾀﾐｸｳｺｳﾀ-ﾐﾅﾙﾋﾞﾙ
2026-08-11 17:02:14.855 INFO  c.c.UsageLog.service.UsageService - 金額：151
2026-08-11 17:02:14.855 INFO  c.c.UsageLog.service.UsageService - 購入日：2026-07-17
2026-08-11 17:02:14.855 INFO  c.c.UsageLog.service.UsageService - 行番号：27
2026-08-11 17:02:14.855 INFO  c.c.UsageLog.service.UsageService - 購入内容：楽天証券投信積立０．５％～
2026-08-11 17:02:14.855 INFO  c.c.UsageLog.service.UsageService - 金額：60000
2026-08-11 17:02:14.855 INFO  c.c.UsageLog.service.UsageService - 購入日：2026-07-16
2026-08-11 17:02:14.855 INFO  c.c.UsageLog.service.UsageService - 行番号：28
2026-08-11 17:02:14.855 INFO  c.c.UsageLog.service.UsageService - 購入内容：ＪＣＢ国内利用　QP  ｽｸｴｱ ｸﾘｽﾌﾟｻﾗﾀﾞﾜ-
2026-08-11 17:02:14.855 INFO  c.c.UsageLog.service.UsageService - 金額：1058
2026-08-11 17:02:14.855 INFO  c.c.UsageLog.service.UsageService - 購入日：2026-07-14
2026-08-11 17:02:14.855 INFO  c.c.UsageLog.service.UsageService - 行番号：29
2026-08-11 17:02:14.855 INFO  c.c.UsageLog.service.UsageService - 購入内容：マスター国内利用　MZZ ﾓﾊﾞｲﾙｲｺｶﾁﾔ-ｼﾞ
2026-08-11 17:02:14.855 INFO  c.c.UsageLog.service.UsageService - 金額：5000
2026-08-11 17:02:14.855 INFO  c.c.UsageLog.service.UsageService - 購入日：2026-07-14
2026-08-11 17:02:14.855 INFO  c.c.UsageLog.service.UsageService - 行番号：30
2026-08-11 17:02:14.855 INFO  c.c.UsageLog.service.UsageService - 購入内容：マスター国内利用　MZZ AMAZON.CO.JP
2026-08-11 17:02:14.855 INFO  c.c.UsageLog.service.UsageService - 金額：990
2026-08-11 17:02:14.855 INFO  c.c.UsageLog.service.UsageService - 購入日：2026-07-13
2026-08-11 17:02:14.855 INFO  c.c.UsageLog.service.UsageService - 行番号：31
2026-08-11 17:02:14.855 INFO  c.c.UsageLog.service.UsageService - 購入内容：マスター国内利用　MZZ ｻﾝｸﾁﾕｱﾘ ﾐﾉｵﾃﾝ/NF
2026-08-11 17:02:14.855 INFO  c.c.UsageLog.service.UsageService - 金額：3859
2026-08-11 17:02:14.855 INFO  c.c.UsageLog.service.UsageService - 購入日：2026-07-12
2026-08-11 17:02:14.855 INFO  c.c.UsageLog.service.UsageService - 行番号：32
2026-08-11 17:02:14.855 INFO  c.c.UsageLog.service.UsageService - 購入内容：マスター国内利用　MZZ ﾊﾝｽﾞ ｼﾝｻｲﾊﾞｼ
2026-08-11 17:02:14.855 INFO  c.c.UsageLog.service.UsageService - 金額：20064
2026-08-11 17:02:14.855 INFO  c.c.UsageLog.service.UsageService - 購入日：2026-07-11
2026-08-11 17:02:14.855 INFO  c.c.UsageLog.service.UsageService - 行番号：33
2026-08-11 17:02:14.855 INFO  c.c.UsageLog.service.UsageService - 購入内容：マスター国内利用　MZZ ｱﾔﾊﾃﾞｨｵ ﾐﾉｵｻｲﾄﾃﾝ
2026-08-11 17:02:14.855 INFO  c.c.UsageLog.service.UsageService - 金額：6887
2026-08-11 17:02:14.855 INFO  c.c.UsageLog.service.UsageService - 購入日：2026-07-11
2026-08-11 17:02:14.855 INFO  c.c.UsageLog.service.UsageService - 行番号：34
2026-08-11 17:02:14.855 INFO  c.c.UsageLog.service.UsageService - 購入内容：楽天モバイル通信料
2026-08-11 17:02:14.862 INFO  c.c.UsageLog.service.UsageService - 金額：3278
2026-08-11 17:02:14.862 INFO  c.c.UsageLog.service.UsageService - 購入日：2026-07-11
2026-08-11 17:02:14.863 INFO  c.c.UsageLog.service.UsageService - 行番号：35
2026-08-11 17:02:14.863 INFO  c.c.UsageLog.service.UsageService - 購入内容：マスター国内利用　MZZ ｹｰﾃｨｰﾌﾞｲｽｲﾐﾝｸﾞﾊﾟ
2026-08-11 17:02:14.863 INFO  c.c.UsageLog.service.UsageService - 金額：600
2026-08-11 17:02:14.863 INFO  c.c.UsageLog.service.UsageService - 購入日：2026-07-10
2026-08-11 17:02:14.863 INFO  c.c.UsageLog.service.UsageService - 行番号：36
2026-08-11 17:02:14.863 INFO  c.c.UsageLog.service.UsageService - 購入内容：日本通信株式会社
2026-08-11 17:02:14.863 INFO  c.c.UsageLog.service.UsageService - 金額：2259
2026-08-11 17:02:14.863 INFO  c.c.UsageLog.service.UsageService - 購入日：2026-07-08
2026-08-11 17:02:14.864 INFO  c.c.UsageLog.service.UsageService - 行番号：37
2026-08-11 17:02:14.864 INFO  c.c.UsageLog.service.UsageService - 購入内容：マスター国内利用　MZZ SQ*ｸﾘｽﾌﾟｻﾗﾀﾞﾜｸｽｳ
2026-08-11 17:02:14.864 INFO  c.c.UsageLog.service.UsageService - 金額：1346
2026-08-11 17:02:14.864 INFO  c.c.UsageLog.service.UsageService - 購入日：2026-07-08
2026-08-11 17:02:14.864 INFO  c.c.UsageLog.service.UsageService - 行番号：38
2026-08-11 17:02:14.864 INFO  c.c.UsageLog.service.UsageService - 購入内容：マスター国内利用　MZZ ﾓﾊﾞｲﾙｲｺｶﾁﾔ-ｼﾞ
2026-08-11 17:02:14.864 INFO  c.c.UsageLog.service.UsageService - 金額：5000
2026-08-11 17:02:14.864 INFO  c.c.UsageLog.service.UsageService - 購入日：2026-07-08
2026-08-11 17:02:14.864 INFO  c.c.UsageLog.service.UsageService - 行番号：39
2026-08-11 17:02:14.864 INFO  c.c.UsageLog.service.UsageService - 購入内容：マスター国内利用　MZZ ﾏﾙｶﾞﾒｾｲﾒﾝ ｳﾒﾀﾞ/N
2026-08-11 17:02:14.864 INFO  c.c.UsageLog.service.UsageService - 金額：850
2026-08-11 17:02:14.864 INFO  c.c.UsageLog.service.UsageService - 購入日：2026-07-07
2026-08-11 17:02:14.864 INFO  c.c.UsageLog.service.UsageService - 行番号：40
2026-08-11 17:02:14.864 INFO  c.c.UsageLog.service.UsageService - 購入内容：マスター国内利用　MZZ ｲｵﾝ ﾐﾉｵ
2026-08-11 17:02:14.864 INFO  c.c.UsageLog.service.UsageService - 金額：2601
2026-08-11 17:02:14.864 INFO  c.c.UsageLog.service.UsageService - 購入日：2026-07-07
2026-08-11 17:02:14.866 INFO  c.c.UsageLog.service.UsageService - 行番号：41
2026-08-11 17:02:14.866 INFO  c.c.UsageLog.service.UsageService - 購入内容：エスト　7115462052188 01010
2026-08-11 17:02:14.866 INFO  c.c.UsageLog.service.UsageService - 金額：1430
2026-08-11 17:02:14.866 INFO  c.c.UsageLog.service.UsageService - 購入日：2026-07-06
2026-08-11 17:02:14.866 INFO  c.c.UsageLog.service.UsageService - 行番号：42
2026-08-11 17:02:14.866 INFO  c.c.UsageLog.service.UsageService - 購入内容：マスター国内利用　MZZ ﾅﾆﾜﾉﾕ
2026-08-11 17:02:14.866 INFO  c.c.UsageLog.service.UsageService - 金額：900
2026-08-11 17:02:14.866 INFO  c.c.UsageLog.service.UsageService - 購入日：2026-07-06
2026-08-11 17:02:14.866 INFO  c.c.UsageLog.service.UsageService - 行番号：43
2026-08-11 17:02:14.866 INFO  c.c.UsageLog.service.UsageService - 購入内容：マスター国内利用　MYY ﾐﾉｵｷﾕ-ｽﾞﾓ-ﾙﾃﾝ
2026-08-11 17:02:14.866 INFO  c.c.UsageLog.service.UsageService - 金額：567
2026-08-11 17:02:14.866 INFO  c.c.UsageLog.service.UsageService - 購入日：2026-07-04
2026-08-11 17:02:14.866 INFO  c.c.UsageLog.service.UsageService - 行番号：44
2026-08-11 17:02:14.866 INFO  c.c.UsageLog.service.UsageService - 購入内容：マスター国内利用　MZZ ﾐﾉｵｷﾕ-ｽﾞﾓ-ﾙ
2026-08-11 17:02:14.866 INFO  c.c.UsageLog.service.UsageService - 金額：160
2026-08-11 17:02:14.866 INFO  c.c.UsageLog.service.UsageService - 購入日：2026-07-04
2026-08-11 17:02:14.866 INFO  c.c.UsageLog.service.UsageService - 行番号：45
2026-08-11 17:02:14.866 INFO  c.c.UsageLog.service.UsageService - 購入内容：マスター国内利用　MZZ APPLE COM BILL
2026-08-11 17:02:14.866 INFO  c.c.UsageLog.service.UsageService - 金額：1500
2026-08-11 17:02:14.866 INFO  c.c.UsageLog.service.UsageService - 購入日：2026-07-03
2026-08-11 17:02:14.866 INFO  c.c.UsageLog.service.UsageService - 行番号：46
2026-08-11 17:02:14.866 INFO  c.c.UsageLog.service.UsageService - 購入内容：海外利用　１　GITHUB INC.
2026-08-11 17:02:14.866 INFO  c.c.UsageLog.service.UsageService - 金額：1289
2026-08-11 17:02:14.866 INFO  c.c.UsageLog.service.UsageService - 購入日：2026-07-03
2026-08-11 17:02:14.866 INFO  c.c.UsageLog.service.UsageService - 行番号：47
2026-08-11 17:02:14.866 INFO  c.c.UsageLog.service.UsageService - 購入内容：マスター国内利用　MZZ AMAZON.CO.JP
2026-08-11 17:02:14.866 INFO  c.c.UsageLog.service.UsageService - 金額：5500
2026-08-11 17:02:14.866 INFO  c.c.UsageLog.service.UsageService - 購入日：2026-07-02
2026-08-11 17:02:14.866 INFO  c.c.UsageLog.service.UsageService - 行番号：48
2026-08-11 17:02:14.866 INFO  c.c.UsageLog.service.UsageService - 購入内容：マスター国内利用　MZZ ｲｵﾝ ﾐﾉｵ
2026-08-11 17:02:14.866 INFO  c.c.UsageLog.service.UsageService - 金額：2434
2026-08-11 17:02:14.866 INFO  c.c.UsageLog.service.UsageService - 購入日：2026-07-01
2026-08-11 17:02:14.866 INFO  c.c.UsageLog.service.UsageService - 行番号：49
2026-08-11 17:02:14.866 INFO  c.c.UsageLog.service.UsageService - 購入内容：エスト　7115462052186 05022
2026-08-11 17:02:14.866 INFO  c.c.UsageLog.service.UsageService - 金額：1050
2026-08-11 17:02:14.866 INFO  c.c.UsageLog.service.UsageService - 購入日：2026-07-01
2026-08-11 17:02:14.866 INFO  c.c.UsageLog.service.UsageService - 行番号：50
2026-08-11 17:02:14.866 INFO  c.c.UsageLog.service.UsageService - 購入内容：楽天マガジン　        705899
2026-08-11 17:02:14.866 INFO  c.c.UsageLog.service.UsageService - 金額：597
2026-08-11 17:02:14.866 INFO  c.c.UsageLog.service.UsageService - 購入日：2026-07-01
2026-08-11 17:02:14.866 INFO  c.c.UsageLog.service.UsageService - 行番号：51
2026-08-11 17:02:14.866 INFO  c.c.UsageLog.service.UsageService - 購入内容：日本通信株式会社
2026-08-11 17:02:14.866 INFO  c.c.UsageLog.service.UsageService - 金額：2181
2026-08-11 17:02:14.866 INFO  c.c.UsageLog.service.UsageService - 購入日：2026-08-08
2026-08-11 17:02:14.866 INFO  c.c.UsageLog.service.UsageService - 行番号：52
2026-08-11 17:02:14.866 INFO  c.c.UsageLog.service.UsageService - 購入内容：マスター国内利用　MZZ ﾎﾜｲﾃｲｳﾒﾀﾞ/NFC
2026-08-11 17:02:14.866 INFO  c.c.UsageLog.service.UsageService - 金額：880
2026-08-11 17:02:14.866 INFO  c.c.UsageLog.service.UsageService - 購入日：2026-08-05
2026-08-11 17:02:14.866 INFO  c.c.UsageLog.service.UsageService - 行番号：53
2026-08-11 17:02:14.866 INFO  c.c.UsageLog.service.UsageService - 購入内容：マスター国内利用　MZZ ﾛ-ｿﾝ
2026-08-11 17:02:14.866 INFO  c.c.UsageLog.service.UsageService - 金額：181
2026-08-11 17:02:14.866 INFO  c.c.UsageLog.service.UsageService - 購入日：2026-08-04
2026-08-11 17:02:14.866 INFO  c.c.UsageLog.service.UsageService - 行番号：54
2026-08-11 17:02:14.866 INFO  c.c.UsageLog.service.UsageService - 購入内容：マスター国内利用　MZZ ｱﾏｿﾞﾝﾌﾟﾗｲﾑｶｲﾋ
2026-08-11 17:02:14.866 INFO  c.c.UsageLog.service.UsageService - 金額：5900
2026-08-11 17:02:14.866 INFO  c.c.UsageLog.service.UsageService - 購入日：2026-08-04
2026-08-11 17:02:14.866 INFO  c.c.UsageLog.service.UsageService - 行番号：55
2026-08-11 17:02:14.866 INFO  c.c.UsageLog.service.UsageService - 購入内容：マスター国内利用　MZZ ﾓﾊﾞｲﾙｲｺｶﾁﾔ-ｼﾞ
2026-08-11 17:02:14.866 INFO  c.c.UsageLog.service.UsageService - 金額：2000
2026-08-11 17:02:14.866 INFO  c.c.UsageLog.service.UsageService - 購入日：2026-08-04
2026-08-11 17:02:14.866 INFO  c.c.UsageLog.service.UsageService - 行番号：56
2026-08-11 17:02:14.866 INFO  c.c.UsageLog.service.UsageService - 購入内容：マスター国内利用　MZZ APPLE COM BILL
2026-08-11 17:02:14.866 INFO  c.c.UsageLog.service.UsageService - 金額：1500
2026-08-11 17:02:14.866 INFO  c.c.UsageLog.service.UsageService - 購入日：2026-08-03
2026-08-11 17:02:14.879 INFO  c.c.UsageLog.service.UsageService - 行番号：57
2026-08-11 17:02:14.879 INFO  c.c.UsageLog.service.UsageService - 購入内容：マスター国内利用　MZZ AMAZON.CO.JP
2026-08-11 17:02:14.879 INFO  c.c.UsageLog.service.UsageService - 金額：2683
2026-08-11 17:02:14.879 INFO  c.c.UsageLog.service.UsageService - 購入日：2026-08-03
2026-08-11 17:02:14.879 INFO  c.c.UsageLog.service.UsageService - 行番号：58
2026-08-11 17:02:14.881 INFO  c.c.UsageLog.service.UsageService - 購入内容：マスター国内利用　MZZ ｶﾌﾞｼｷｶﾞｲｼｬﾐﾗｲﾄ
2026-08-11 17:02:14.881 INFO  c.c.UsageLog.service.UsageService - 金額：800
2026-08-11 17:02:14.881 INFO  c.c.UsageLog.service.UsageService - 購入日：2026-08-03
2026-08-11 17:02:14.881 INFO  c.c.UsageLog.service.UsageService - 行番号：59
2026-08-11 17:02:14.881 INFO  c.c.UsageLog.service.UsageService - 購入内容：ＪＣＢ国内利用　QP  ﾏﾙｶﾞﾒｾｲﾒﾝ ｳﾒﾀﾞ
2026-08-11 17:02:14.881 INFO  c.c.UsageLog.service.UsageService - 金額：780
2026-08-11 17:02:14.881 INFO  c.c.UsageLog.service.UsageService - 購入日：2026-08-03
2026-08-11 17:02:14.881 INFO  c.c.UsageLog.service.UsageService - 行番号：60
2026-08-11 17:02:14.881 INFO  c.c.UsageLog.service.UsageService - 購入内容：セブン－イレブン
2026-08-11 17:02:14.881 INFO  c.c.UsageLog.service.UsageService - 金額：329
2026-08-11 17:02:14.881 INFO  c.c.UsageLog.service.UsageService - 購入日：2026-08-03
2026-08-11 17:02:14.881 INFO  c.c.UsageLog.service.UsageService - 行番号：61
2026-08-11 17:02:14.881 INFO  c.c.UsageLog.service.UsageService - 購入内容：マスター国内利用　MZZ ﾛ-ｿﾝ
2026-08-11 17:02:14.881 INFO  c.c.UsageLog.service.UsageService - 金額：140
2026-08-11 17:02:14.881 INFO  c.c.UsageLog.service.UsageService - 購入日：2026-08-01
2026-08-11 17:02:14.881 INFO  c.c.UsageLog.service.UsageService - 行番号：62
2026-08-11 17:02:14.881 INFO  c.c.UsageLog.service.UsageService - 購入内容：マスター国内利用　MZZ SQ*ｷﾖﾄﾞｶﾝｻｲ
2026-08-11 17:02:14.881 INFO  c.c.UsageLog.service.UsageService - 金額：2860
2026-08-11 17:02:14.881 INFO  c.c.UsageLog.service.UsageService - 購入日：2026-08-01
2026-08-11 17:02:14.881 INFO  c.c.UsageLog.service.UsageService - 行番号：63
2026-08-11 17:02:14.881 INFO  c.c.UsageLog.service.UsageService - 購入内容：マスター国内利用　MZZ ﾓﾊﾞｲﾙｲｺｶﾁﾔ-ｼﾞ
2026-08-11 17:02:14.881 INFO  c.c.UsageLog.service.UsageService - 金額：2000
2026-08-11 17:02:14.881 INFO  c.c.UsageLog.service.UsageService - 購入日：2026-08-01
2026-08-11 17:02:14.881 INFO  c.c.UsageLog.service.UsageService - 行番号：64
2026-08-11 17:02:14.881 INFO  c.c.UsageLog.service.UsageService - 購入内容：楽天マガジン　        701165
2026-08-11 17:02:14.881 INFO  c.c.UsageLog.service.UsageService - 金額：597
2026-08-11 17:02:14.881 INFO  c.c.UsageLog.service.UsageService - 購入日：2026-08-01
2026-08-11 17:02:14.881 INFO  c.c.UsageLog.service.UsageService - 行番号：65
2026-08-11 17:02:14.881 INFO  c.c.UsageLog.service.UsageService - 行番号：66
2026-08-11 17:02:14.881 INFO  c.c.UsageLog.service.UsageService - 購入内容：
2026-08-11 17:02:14.881 INFO  c.c.UsageLog.service.UsageService - 金額：
2026-08-11 17:02:14.881 WARN  o.s.w.s.m.m.a.ExceptionHandlerExceptionResolver - Resolved [java.lang.NumberFormatException: For input string: ""]
2026-08-11 17:06:01.028 INFO  o.s.b.d.a.LocalDevToolsAutoConfiguration$RestartingClassPathChangeChangedEventListener - Restarting due to 4 class path changes (0 additions, 0 deletions, 4 modifications)
2026-08-11 17:06:01.047 INFO  o.a.coyote.http11.Http11NioProtocol - Stopping ProtocolHandler ["http-nio-8080"]
2026-08-11 17:06:01.087 INFO  o.s.o.j.LocalContainerEntityManagerFactoryBean - Closing JPA EntityManagerFactory for persistence unit 'default'
2026-08-11 17:06:01.091 INFO  com.zaxxer.hikari.HikariDataSource - HikariPool-1 - Shutdown initiated...
2026-08-11 17:06:01.113 INFO  com.zaxxer.hikari.HikariDataSource - HikariPool-1 - Shutdown completed.
2026-08-11 17:06:01.381 INFO  c.c.UsageLog.UsageLogApplication - Starting UsageLogApplication using Java 17.0.8 with PID 1960 (C:\workspace\UsageLog\target\classes started by chote in C:\workspace\UsageLog)
2026-08-11 17:06:01.383 INFO  c.c.UsageLog.UsageLogApplication - No active profile set, falling back to 1 default profile: "default"
2026-08-11 17:06:02.116 INFO  o.s.d.r.c.RepositoryConfigurationDelegate - Bootstrapping Spring Data JPA repositories in DEFAULT mode.
2026-08-11 17:06:02.147 INFO  o.s.d.r.c.RepositoryConfigurationDelegate - Finished Spring Data repository scanning in 26 ms. Found 3 JPA repository interfaces.
2026-08-11 17:06:02.377 INFO  o.s.b.w.e.tomcat.TomcatWebServer - Tomcat initialized with port 8080 (http)
2026-08-11 17:06:02.378 INFO  o.a.coyote.http11.Http11NioProtocol - Initializing ProtocolHandler ["http-nio-8080"]
2026-08-11 17:06:02.378 INFO  o.a.catalina.core.StandardService - Starting service [Tomcat]
2026-08-11 17:06:02.379 INFO  o.a.catalina.core.StandardEngine - Starting Servlet engine: [Apache Tomcat/10.1.20]
2026-08-11 17:06:02.404 INFO  o.a.c.c.C.[Tomcat].[localhost].[/] - Initializing Spring embedded WebApplicationContext
2026-08-11 17:06:02.405 INFO  o.s.b.w.s.c.ServletWebServerApplicationContext - Root WebApplicationContext: initialization completed in 1013 ms
2026-08-11 17:06:02.561 INFO  o.h.jpa.internal.util.LogHelper - HHH000204: Processing PersistenceUnitInfo [name: default]
2026-08-11 17:06:02.563 INFO  o.h.c.i.RegionFactoryInitiator - HHH000026: Second-level cache disabled
2026-08-11 17:06:02.571 INFO  o.s.o.j.p.SpringPersistenceUnitInfo - No LoadTimeWeaver setup: ignoring JPA class transformer
2026-08-11 17:06:02.572 INFO  com.zaxxer.hikari.HikariDataSource - HikariPool-2 - Starting...
2026-08-11 17:06:02.592 INFO  com.zaxxer.hikari.pool.HikariPool - HikariPool-2 - Added connection com.mysql.cj.jdbc.ConnectionImpl@891eac5
2026-08-11 17:06:02.592 INFO  com.zaxxer.hikari.HikariDataSource - HikariPool-2 - Start completed.
2026-08-11 17:06:02.675 INFO  o.h.e.t.j.p.i.JtaPlatformInitiator - HHH000489: No JTA platform available (set 'hibernate.transaction.jta.platform' to enable JTA platform integration)
2026-08-11 17:06:02.687 INFO  o.s.o.j.LocalContainerEntityManagerFactoryBean - Initialized JPA EntityManagerFactory for persistence unit 'default'
2026-08-11 17:06:02.924 WARN  o.s.b.a.o.j.JpaBaseConfiguration$JpaWebConfiguration - spring.jpa.open-in-view is enabled by default. Therefore, database queries may be performed during view rendering. Explicitly configure spring.jpa.open-in-view to disable this warning
2026-08-11 17:06:02.960 INFO  o.s.b.a.w.s.WelcomePageHandlerMapping - Adding welcome page template: index
2026-08-11 17:06:03.388 INFO  o.s.b.d.a.OptionalLiveReloadServer - LiveReload server is running on port 35729
2026-08-11 17:06:03.397 INFO  o.s.b.a.e.web.EndpointLinksResolver - Exposing 1 endpoint(s) beneath base path '/actuator'
2026-08-11 17:06:03.426 INFO  o.a.coyote.http11.Http11NioProtocol - Starting ProtocolHandler ["http-nio-8080"]
2026-08-11 17:06:03.444 INFO  o.s.b.w.e.tomcat.TomcatWebServer - Tomcat started on port 8080 (http) with context path ''
2026-08-11 17:06:03.453 INFO  c.c.UsageLog.UsageLogApplication - Started UsageLogApplication in 2.24 seconds (process running for 497.77)
2026-08-11 17:06:03.458 INFO  o.s.b.d.a.ConditionEvaluationDeltaLoggingListener - Condition evaluation unchanged
2026-08-11 17:07:41.165 INFO  o.s.b.d.a.LocalDevToolsAutoConfiguration$RestartingClassPathChangeChangedEventListener - Restarting due to 1 class path change (0 additions, 0 deletions, 1 modification)
2026-08-11 17:07:41.171 INFO  o.a.coyote.http11.Http11NioProtocol - Stopping ProtocolHandler ["http-nio-8080"]
2026-08-11 17:07:41.219 INFO  o.s.o.j.LocalContainerEntityManagerFactoryBean - Closing JPA EntityManagerFactory for persistence unit 'default'
2026-08-11 17:07:41.222 INFO  com.zaxxer.hikari.HikariDataSource - HikariPool-2 - Shutdown initiated...
2026-08-11 17:07:41.234 INFO  com.zaxxer.hikari.HikariDataSource - HikariPool-2 - Shutdown completed.
2026-08-11 17:07:41.341 INFO  c.c.UsageLog.UsageLogApplication - Starting UsageLogApplication using Java 17.0.8 with PID 1960 (C:\workspace\UsageLog\target\classes started by chote in C:\workspace\UsageLog)
2026-08-11 17:07:41.342 INFO  c.c.UsageLog.UsageLogApplication - No active profile set, falling back to 1 default profile: "default"
2026-08-11 17:07:41.750 INFO  o.s.d.r.c.RepositoryConfigurationDelegate - Bootstrapping Spring Data JPA repositories in DEFAULT mode.
2026-08-11 17:07:41.776 INFO  o.s.d.r.c.RepositoryConfigurationDelegate - Finished Spring Data repository scanning in 26 ms. Found 3 JPA repository interfaces.
2026-08-11 17:07:41.924 INFO  o.s.b.w.e.tomcat.TomcatWebServer - Tomcat initialized with port 8080 (http)
2026-08-11 17:07:41.925 INFO  o.a.coyote.http11.Http11NioProtocol - Initializing ProtocolHandler ["http-nio-8080"]
2026-08-11 17:07:41.926 INFO  o.a.catalina.core.StandardService - Starting service [Tomcat]
2026-08-11 17:07:41.926 INFO  o.a.catalina.core.StandardEngine - Starting Servlet engine: [Apache Tomcat/10.1.20]
2026-08-11 17:07:41.942 INFO  o.a.c.c.C.[Tomcat].[localhost].[/] - Initializing Spring embedded WebApplicationContext
2026-08-11 17:07:41.943 INFO  o.s.b.w.s.c.ServletWebServerApplicationContext - Root WebApplicationContext: initialization completed in 598 ms
2026-08-11 17:07:42.060 INFO  o.h.jpa.internal.util.LogHelper - HHH000204: Processing PersistenceUnitInfo [name: default]
2026-08-11 17:07:42.062 INFO  o.h.c.i.RegionFactoryInitiator - HHH000026: Second-level cache disabled
2026-08-11 17:07:42.067 INFO  o.s.o.j.p.SpringPersistenceUnitInfo - No LoadTimeWeaver setup: ignoring JPA class transformer
2026-08-11 17:07:42.068 INFO  com.zaxxer.hikari.HikariDataSource - HikariPool-3 - Starting...
2026-08-11 17:07:42.085 INFO  com.zaxxer.hikari.pool.HikariPool - HikariPool-3 - Added connection com.mysql.cj.jdbc.ConnectionImpl@122ffedf
2026-08-11 17:07:42.086 INFO  com.zaxxer.hikari.HikariDataSource - HikariPool-3 - Start completed.
2026-08-11 17:07:42.159 INFO  o.h.e.t.j.p.i.JtaPlatformInitiator - HHH000489: No JTA platform available (set 'hibernate.transaction.jta.platform' to enable JTA platform integration)
2026-08-11 17:07:42.176 INFO  o.s.o.j.LocalContainerEntityManagerFactoryBean - Initialized JPA EntityManagerFactory for persistence unit 'default'
2026-08-11 17:07:42.367 WARN  o.s.b.a.o.j.JpaBaseConfiguration$JpaWebConfiguration - spring.jpa.open-in-view is enabled by default. Therefore, database queries may be performed during view rendering. Explicitly configure spring.jpa.open-in-view to disable this warning
2026-08-11 17:07:42.403 INFO  o.s.b.a.w.s.WelcomePageHandlerMapping - Adding welcome page template: index
2026-08-11 17:07:42.840 INFO  o.s.b.d.a.OptionalLiveReloadServer - LiveReload server is running on port 35729
2026-08-11 17:07:42.844 INFO  o.s.b.a.e.web.EndpointLinksResolver - Exposing 1 endpoint(s) beneath base path '/actuator'
2026-08-11 17:07:42.862 INFO  o.a.coyote.http11.Http11NioProtocol - Starting ProtocolHandler ["http-nio-8080"]
2026-08-11 17:07:42.877 INFO  o.s.b.w.e.tomcat.TomcatWebServer - Tomcat started on port 8080 (http) with context path ''
2026-08-11 17:07:42.888 INFO  c.c.UsageLog.UsageLogApplication - Started UsageLogApplication in 1.592 seconds (process running for 597.204)
2026-08-11 17:07:42.891 INFO  o.s.b.d.a.ConditionEvaluationDeltaLoggingListener - Condition evaluation unchanged
2026-08-11 17:08:01.784 INFO  o.s.o.j.LocalContainerEntityManagerFactoryBean - Closing JPA EntityManagerFactory for persistence unit 'default'
2026-08-11 17:08:01.786 INFO  com.zaxxer.hikari.HikariDataSource - HikariPool-3 - Shutdown initiated...
2026-08-11 17:08:01.791 INFO  com.zaxxer.hikari.HikariDataSource - HikariPool-3 - Shutdown completed.
2026-08-11 17:08:36.235 INFO  c.c.UsageLog.UsageLogApplication - Starting UsageLogApplication using Java 22 with PID 22708 (C:\workspace\UsageLog\target\classes started by chote in C:\workspace\UsageLog)
2026-08-11 17:08:36.239 INFO  c.c.UsageLog.UsageLogApplication - No active profile set, falling back to 1 default profile: "default"
2026-08-11 17:08:36.285 INFO  o.s.b.d.e.DevToolsPropertyDefaultsPostProcessor - Devtools property defaults active! Set 'spring.devtools.add-properties' to 'false' to disable
2026-08-11 17:08:36.285 INFO  o.s.b.d.e.DevToolsPropertyDefaultsPostProcessor - For additional web related logging consider setting the 'logging.level.web' property to 'DEBUG'
2026-08-11 17:08:36.909 INFO  o.s.d.r.c.RepositoryConfigurationDelegate - Bootstrapping Spring Data JPA repositories in DEFAULT mode.
2026-08-11 17:08:36.966 INFO  o.s.d.r.c.RepositoryConfigurationDelegate - Finished Spring Data repository scanning in 45 ms. Found 3 JPA repository interfaces.
2026-08-11 17:08:37.533 INFO  o.s.b.w.e.tomcat.TomcatWebServer - Tomcat initialized with port 8080 (http)
2026-08-11 17:08:37.540 INFO  o.a.coyote.http11.Http11NioProtocol - Initializing ProtocolHandler ["http-nio-8080"]
2026-08-11 17:08:37.543 INFO  o.a.catalina.core.StandardService - Starting service [Tomcat]
2026-08-11 17:08:37.552 INFO  o.a.catalina.core.StandardEngine - Starting Servlet engine: [Apache Tomcat/10.1.20]
2026-08-11 17:08:37.635 INFO  o.a.c.c.C.[Tomcat].[localhost].[/] - Initializing Spring embedded WebApplicationContext
2026-08-11 17:08:37.636 INFO  o.s.b.w.s.c.ServletWebServerApplicationContext - Root WebApplicationContext: initialization completed in 1350 ms
2026-08-11 17:08:37.859 INFO  o.h.jpa.internal.util.LogHelper - HHH000204: Processing PersistenceUnitInfo [name: default]
2026-08-11 17:08:37.894 INFO  org.hibernate.Version - HHH000412: Hibernate ORM core version 6.4.4.Final
2026-08-11 17:08:37.916 INFO  o.h.c.i.RegionFactoryInitiator - HHH000026: Second-level cache disabled
2026-08-11 17:08:38.057 INFO  o.s.o.j.p.SpringPersistenceUnitInfo - No LoadTimeWeaver setup: ignoring JPA class transformer
2026-08-11 17:08:38.072 INFO  com.zaxxer.hikari.HikariDataSource - HikariPool-1 - Starting...
2026-08-11 17:08:38.293 INFO  com.zaxxer.hikari.pool.HikariPool - HikariPool-1 - Added connection com.mysql.cj.jdbc.ConnectionImpl@42149ed7
2026-08-11 17:08:38.294 INFO  com.zaxxer.hikari.HikariDataSource - HikariPool-1 - Start completed.
2026-08-11 17:08:38.916 INFO  o.h.e.t.j.p.i.JtaPlatformInitiator - HHH000489: No JTA platform available (set 'hibernate.transaction.jta.platform' to enable JTA platform integration)
2026-08-11 17:08:38.947 INFO  o.s.o.j.LocalContainerEntityManagerFactoryBean - Initialized JPA EntityManagerFactory for persistence unit 'default'
2026-08-11 17:08:39.129 INFO  o.s.d.j.r.query.QueryEnhancerFactory - Hibernate is in classpath; If applicable, HQL parser will be used.
2026-08-11 17:08:39.713 WARN  o.s.b.a.o.j.JpaBaseConfiguration$JpaWebConfiguration - spring.jpa.open-in-view is enabled by default. Therefore, database queries may be performed during view rendering. Explicitly configure spring.jpa.open-in-view to disable this warning
2026-08-11 17:08:39.744 INFO  o.s.b.a.w.s.WelcomePageHandlerMapping - Adding welcome page template: index
2026-08-11 17:08:40.239 INFO  o.s.b.d.a.OptionalLiveReloadServer - LiveReload server is running on port 35729
2026-08-11 17:08:40.255 INFO  o.s.b.a.e.web.EndpointLinksResolver - Exposing 1 endpoint(s) beneath base path '/actuator'
2026-08-11 17:08:40.311 INFO  o.a.coyote.http11.Http11NioProtocol - Starting ProtocolHandler ["http-nio-8080"]
2026-08-11 17:08:40.341 INFO  o.s.b.w.e.tomcat.TomcatWebServer - Tomcat started on port 8080 (http) with context path ''
2026-08-11 17:08:40.351 INFO  c.c.UsageLog.UsageLogApplication - Started UsageLogApplication in 4.558 seconds (process running for 4.901)
2026-08-11 17:10:19.516 INFO  o.a.c.c.C.[Tomcat].[localhost].[/] - Initializing Spring DispatcherServlet 'dispatcherServlet'
2026-08-11 17:10:19.525 INFO  o.s.web.servlet.DispatcherServlet - Initializing Servlet 'dispatcherServlet'
2026-08-11 17:10:19.526 INFO  o.s.web.servlet.DispatcherServlet - Completed initialization in 0 ms
2026-08-11 17:10:25.835 INFO  c.c.UsageLog.service.UsageService - 行番号：1
2026-08-11 17:10:25.835 INFO  c.c.UsageLog.service.UsageService - 行番号：2
2026-08-11 17:10:25.835 INFO  c.c.UsageLog.service.UsageService - 購入内容：マスター国内利用　MZZ ｲｵﾝ ﾐﾉｵ
2026-08-11 17:10:25.835 INFO  c.c.UsageLog.service.UsageService - 金額：1030
2026-08-11 17:10:25.835 INFO  c.c.UsageLog.service.UsageService - 購入日：2026-07-30
2026-08-11 17:10:25.835 INFO  c.c.UsageLog.service.UsageService - 行番号：3
2026-08-11 17:10:25.835 INFO  c.c.UsageLog.service.UsageService - 購入内容：マスター国内利用　MZZ APPLE COM BILL
2026-08-11 17:10:25.835 INFO  c.c.UsageLog.service.UsageService - 金額：1280
2026-08-11 17:10:25.835 INFO  c.c.UsageLog.service.UsageService - 購入日：2026-07-29
2026-08-11 17:10:25.835 INFO  c.c.UsageLog.service.UsageService - 行番号：4
2026-08-11 17:10:25.835 INFO  c.c.UsageLog.service.UsageService - 購入内容：エスト　7115462052177 04554
2026-08-11 17:10:25.835 INFO  c.c.UsageLog.service.UsageService - 金額：990
2026-08-11 17:10:25.835 INFO  c.c.UsageLog.service.UsageService - 購入日：2026-07-29
2026-08-11 17:10:25.835 INFO  c.c.UsageLog.service.UsageService - 行番号：5
2026-08-11 17:10:25.849 INFO  c.c.UsageLog.service.UsageService - 購入内容：セブン－イレブン
2026-08-11 17:10:25.849 INFO  c.c.UsageLog.service.UsageService - 金額：321
2026-08-11 17:10:25.849 INFO  c.c.UsageLog.service.UsageService - 購入日：2026-07-27
2026-08-11 17:10:25.849 INFO  c.c.UsageLog.service.UsageService - 行番号：6
2026-08-11 17:10:25.849 INFO  c.c.UsageLog.service.UsageService - 購入内容：マスター国内利用　MZZ ﾎﾜｲﾃｲｳﾒﾀﾞ/NFC
2026-08-11 17:10:25.849 INFO  c.c.UsageLog.service.UsageService - 金額：880
2026-08-11 17:10:25.849 INFO  c.c.UsageLog.service.UsageService - 購入日：2026-07-27
2026-08-11 17:10:25.849 INFO  c.c.UsageLog.service.UsageService - 行番号：7
2026-08-11 17:10:25.849 INFO  c.c.UsageLog.service.UsageService - 購入内容：マスター国内利用　MZZ ﾌｱﾐﾘ-ﾏ-ﾄﾐﾉｵﾆｼｼﾞﾕ
2026-08-11 17:10:25.849 INFO  c.c.UsageLog.service.UsageService - 金額：1109
2026-08-11 17:10:25.849 INFO  c.c.UsageLog.service.UsageService - 購入日：2026-07-26
2026-08-11 17:10:25.849 INFO  c.c.UsageLog.service.UsageService - 行番号：8
2026-08-11 17:10:25.849 INFO  c.c.UsageLog.service.UsageService - 購入内容：マスター国内利用　MZZ ﾓﾊﾞｲﾙｲｺｶﾁﾔ-ｼﾞ
2026-08-11 17:10:25.849 INFO  c.c.UsageLog.service.UsageService - 金額：5000
2026-08-11 17:10:25.849 INFO  c.c.UsageLog.service.UsageService - 購入日：2026-07-26
2026-08-11 17:10:25.849 INFO  c.c.UsageLog.service.UsageService - 行番号：9
2026-08-11 17:10:25.849 INFO  c.c.UsageLog.service.UsageService - 購入内容：マスター国内利用　MZZ ﾌﾞﾂｸｵﾌﾐﾉｵｼﾔｸｼﾖﾏｴ
2026-08-11 17:10:25.849 INFO  c.c.UsageLog.service.UsageService - 金額：1336
2026-08-11 17:10:25.849 INFO  c.c.UsageLog.service.UsageService - 購入日：2026-07-25
2026-08-11 17:10:25.857 INFO  c.c.UsageLog.service.UsageService - 行番号：10
2026-08-11 17:10:25.857 INFO  c.c.UsageLog.service.UsageService - 購入内容：海外利用　１　GITHUB INC.
2026-08-11 17:10:25.857 INFO  c.c.UsageLog.service.UsageService - 金額：1869
2026-08-11 17:10:25.857 INFO  c.c.UsageLog.service.UsageService - 購入日：2026-07-24
2026-08-11 17:10:25.859 INFO  c.c.UsageLog.service.UsageService - 行番号：11
2026-08-11 17:10:25.859 INFO  c.c.UsageLog.service.UsageService - 購入内容：マスター国内利用　MZZ AMAZON.CO.JP
2026-08-11 17:10:25.860 INFO  c.c.UsageLog.service.UsageService - 金額：1259
2026-08-11 17:10:25.860 INFO  c.c.UsageLog.service.UsageService - 購入日：2026-07-23
2026-08-11 17:10:25.860 INFO  c.c.UsageLog.service.UsageService - 行番号：12
2026-08-11 17:10:25.860 INFO  c.c.UsageLog.service.UsageService - 購入内容：マスター国内利用　MZZ ﾒﾙｶﾘ/AP
2026-08-11 17:10:25.860 INFO  c.c.UsageLog.service.UsageService - 金額：3700
2026-08-11 17:10:25.860 INFO  c.c.UsageLog.service.UsageService - 購入日：2026-07-23
2026-08-11 17:10:25.860 INFO  c.c.UsageLog.service.UsageService - 行番号：13
2026-08-11 17:10:25.864 INFO  c.c.UsageLog.service.UsageService - 購入内容：マスター国内利用　MZZ SQ*ｸﾘｽﾌﾟｻﾗﾀﾞﾜｸｽｳ
2026-08-11 17:10:25.864 INFO  c.c.UsageLog.service.UsageService - 金額：1634
2026-08-11 17:10:25.864 INFO  c.c.UsageLog.service.UsageService - 購入日：2026-07-22
2026-08-11 17:10:25.864 INFO  c.c.UsageLog.service.UsageService - 行番号：14
2026-08-11 17:10:25.866 INFO  c.c.UsageLog.service.UsageService - 購入内容：マスター国内利用　MZZ ﾓﾊﾞｲﾙｲｺｶﾁﾔ-ｼﾞ
2026-08-11 17:10:25.866 INFO  c.c.UsageLog.service.UsageService - 金額：2000
2026-08-11 17:10:25.866 INFO  c.c.UsageLog.service.UsageService - 購入日：2026-07-22
2026-08-11 17:10:25.866 INFO  c.c.UsageLog.service.UsageService - 行番号：15
2026-08-11 17:10:25.866 INFO  c.c.UsageLog.service.UsageService - 購入内容：マスター国内利用　MZZ ﾐﾉｵｷﾕ-ｽﾞﾓ-ﾙ
2026-08-11 17:10:25.866 INFO  c.c.UsageLog.service.UsageService - 金額：9020
2026-08-11 17:10:25.866 INFO  c.c.UsageLog.service.UsageService - 購入日：2026-07-20
2026-08-11 17:10:25.866 INFO  c.c.UsageLog.service.UsageService - 行番号：16
2026-08-11 17:10:25.866 INFO  c.c.UsageLog.service.UsageService - 購入内容：マスター国内利用　MZZ ﾐﾉｵｷﾕ-ｽﾞﾓ-ﾙ
2026-08-11 17:10:25.866 INFO  c.c.UsageLog.service.UsageService - 金額：220
2026-08-11 17:10:25.866 INFO  c.c.UsageLog.service.UsageService - 購入日：2026-07-20
2026-08-11 17:10:25.866 INFO  c.c.UsageLog.service.UsageService - 行番号：17
2026-08-11 17:10:25.866 INFO  c.c.UsageLog.service.UsageService - 購入内容：マスター国内利用　MZZ ｻｲｶｽﾏｰﾄﾅﾋﾞﾆｼﾆﾎﾝ
2026-08-11 17:10:25.866 INFO  c.c.UsageLog.service.UsageService - 金額：2500
2026-08-11 17:10:25.866 INFO  c.c.UsageLog.service.UsageService - 購入日：2026-07-20
2026-08-11 17:10:25.866 INFO  c.c.UsageLog.service.UsageService - 行番号：18
2026-08-11 17:10:25.866 INFO  c.c.UsageLog.service.UsageService - 購入内容：マスター国内利用　MYY ｲﾙﾏ-ﾚ
2026-08-11 17:10:25.866 INFO  c.c.UsageLog.service.UsageService - 金額：7300
2026-08-11 17:10:25.866 INFO  c.c.UsageLog.service.UsageService - 購入日：2026-07-19
2026-08-11 17:10:25.866 INFO  c.c.UsageLog.service.UsageService - 行番号：19
2026-08-11 17:10:25.866 INFO  c.c.UsageLog.service.UsageService - 購入内容：マスター国内利用　MZZ ﾔｸｼﾏｸｳｺｳﾀ-ﾐﾅ
2026-08-11 17:10:25.866 INFO  c.c.UsageLog.service.UsageService - 金額：324
2026-08-11 17:10:25.866 INFO  c.c.UsageLog.service.UsageService - 購入日：2026-07-19
2026-08-11 17:10:25.866 INFO  c.c.UsageLog.service.UsageService - 行番号：20
2026-08-11 17:10:25.866 INFO  c.c.UsageLog.service.UsageService - 購入内容：マスター国内利用　MZZ ﾔｸｼﾏｸｳｺｳﾀ-ﾐﾅ
2026-08-11 17:10:25.866 INFO  c.c.UsageLog.service.UsageService - 金額：2249
2026-08-11 17:10:25.866 INFO  c.c.UsageLog.service.UsageService - 購入日：2026-07-19
2026-08-11 17:10:25.866 INFO  c.c.UsageLog.service.UsageService - 行番号：21
2026-08-11 17:10:25.866 INFO  c.c.UsageLog.service.UsageService - 購入内容：マスター国内利用　MZZ ﾄｳｷｮｳﾆﾎﾝｺｳﾂｳｶﾌﾞｼ
2026-08-11 17:10:25.866 INFO  c.c.UsageLog.service.UsageService - 金額：800
2026-08-11 17:10:25.866 INFO  c.c.UsageLog.service.UsageService - 購入日：2026-07-19
2026-08-11 17:10:25.866 INFO  c.c.UsageLog.service.UsageService - 行番号：22
2026-08-11 17:10:25.866 INFO  c.c.UsageLog.service.UsageService - 購入内容：マスター国内利用　MZZ ﾏﾙｶﾞﾒｾｲﾒﾝ ﾐﾉｵ/NF
2026-08-11 17:10:25.866 INFO  c.c.UsageLog.service.UsageService - 金額：2130
2026-08-11 17:10:25.866 INFO  c.c.UsageLog.service.UsageService - 購入日：2026-07-19
2026-08-11 17:10:25.866 INFO  c.c.UsageLog.service.UsageService - 行番号：23
2026-08-11 17:10:25.866 INFO  c.c.UsageLog.service.UsageService - 購入内容：マスター国内利用　MYY ﾅｶｶﾞﾜｽﾎﾟ-ﾂ
2026-08-11 17:10:25.866 INFO  c.c.UsageLog.service.UsageService - 金額：770
2026-08-11 17:10:25.866 INFO  c.c.UsageLog.service.UsageService - 購入日：2026-07-17
2026-08-11 17:10:25.866 INFO  c.c.UsageLog.service.UsageService - 行番号：24
2026-08-11 17:10:25.866 INFO  c.c.UsageLog.service.UsageService - 購入内容：マスター国内利用　MYY ﾔｸｼﾏｶﾝｷﾖｳﾌﾞﾝｶﾑﾗｾ
2026-08-11 17:10:25.866 INFO  c.c.UsageLog.service.UsageService - 金額：2200
2026-08-11 17:10:25.866 INFO  c.c.UsageLog.service.UsageService - 購入日：2026-07-17
2026-08-11 17:10:25.866 INFO  c.c.UsageLog.service.UsageService - 行番号：25
2026-08-11 17:10:25.866 INFO  c.c.UsageLog.service.UsageService - 購入内容：マスター国内利用　MZZ ﾔｸｼﾏｶﾝｺｳｾﾝﾀｰ
2026-08-11 17:10:25.866 INFO  c.c.UsageLog.service.UsageService - 金額：3862
2026-08-11 17:10:25.866 INFO  c.c.UsageLog.service.UsageService - 購入日：2026-07-17
2026-08-11 17:10:25.866 INFO  c.c.UsageLog.service.UsageService - 行番号：26
2026-08-11 17:10:25.866 INFO  c.c.UsageLog.service.UsageService - 購入内容：マスター国内利用　MZZ ｲﾀﾐｸｳｺｳﾀ-ﾐﾅﾙﾋﾞﾙ
2026-08-11 17:10:25.866 INFO  c.c.UsageLog.service.UsageService - 金額：151
2026-08-11 17:10:25.866 INFO  c.c.UsageLog.service.UsageService - 購入日：2026-07-17
2026-08-11 17:10:25.866 INFO  c.c.UsageLog.service.UsageService - 行番号：27
2026-08-11 17:10:25.866 INFO  c.c.UsageLog.service.UsageService - 購入内容：楽天証券投信積立０．５％～
2026-08-11 17:10:25.866 INFO  c.c.UsageLog.service.UsageService - 金額：60000
2026-08-11 17:10:25.866 INFO  c.c.UsageLog.service.UsageService - 購入日：2026-07-16
2026-08-11 17:10:25.866 INFO  c.c.UsageLog.service.UsageService - 行番号：28
2026-08-11 17:10:25.880 INFO  c.c.UsageLog.service.UsageService - 購入内容：ＪＣＢ国内利用　QP  ｽｸｴｱ ｸﾘｽﾌﾟｻﾗﾀﾞﾜ-
2026-08-11 17:10:25.880 INFO  c.c.UsageLog.service.UsageService - 金額：1058
2026-08-11 17:10:25.880 INFO  c.c.UsageLog.service.UsageService - 購入日：2026-07-14
2026-08-11 17:10:25.880 INFO  c.c.UsageLog.service.UsageService - 行番号：29
2026-08-11 17:10:25.880 INFO  c.c.UsageLog.service.UsageService - 購入内容：マスター国内利用　MZZ ﾓﾊﾞｲﾙｲｺｶﾁﾔ-ｼﾞ
2026-08-11 17:10:25.881 INFO  c.c.UsageLog.service.UsageService - 金額：5000
2026-08-11 17:10:25.881 INFO  c.c.UsageLog.service.UsageService - 購入日：2026-07-14
2026-08-11 17:10:25.881 INFO  c.c.UsageLog.service.UsageService - 行番号：30
2026-08-11 17:10:25.882 INFO  c.c.UsageLog.service.UsageService - 購入内容：マスター国内利用　MZZ AMAZON.CO.JP
2026-08-11 17:10:25.882 INFO  c.c.UsageLog.service.UsageService - 金額：990
2026-08-11 17:10:25.883 INFO  c.c.UsageLog.service.UsageService - 購入日：2026-07-13
2026-08-11 17:10:25.883 INFO  c.c.UsageLog.service.UsageService - 行番号：31
2026-08-11 17:10:25.883 INFO  c.c.UsageLog.service.UsageService - 購入内容：マスター国内利用　MZZ ｻﾝｸﾁﾕｱﾘ ﾐﾉｵﾃﾝ/NF
2026-08-11 17:10:25.883 INFO  c.c.UsageLog.service.UsageService - 金額：3859
2026-08-11 17:10:25.883 INFO  c.c.UsageLog.service.UsageService - 購入日：2026-07-12
2026-08-11 17:10:25.883 INFO  c.c.UsageLog.service.UsageService - 行番号：32
2026-08-11 17:10:25.883 INFO  c.c.UsageLog.service.UsageService - 購入内容：マスター国内利用　MZZ ﾊﾝｽﾞ ｼﾝｻｲﾊﾞｼ
2026-08-11 17:10:25.883 INFO  c.c.UsageLog.service.UsageService - 金額：20064
2026-08-11 17:10:25.883 INFO  c.c.UsageLog.service.UsageService - 購入日：2026-07-11
2026-08-11 17:10:25.883 INFO  c.c.UsageLog.service.UsageService - 行番号：33
2026-08-11 17:10:25.883 INFO  c.c.UsageLog.service.UsageService - 購入内容：マスター国内利用　MZZ ｱﾔﾊﾃﾞｨｵ ﾐﾉｵｻｲﾄﾃﾝ
2026-08-11 17:10:25.883 INFO  c.c.UsageLog.service.UsageService - 金額：6887
2026-08-11 17:10:25.885 INFO  c.c.UsageLog.service.UsageService - 購入日：2026-07-11
2026-08-11 17:10:25.885 INFO  c.c.UsageLog.service.UsageService - 行番号：34
2026-08-11 17:10:25.885 INFO  c.c.UsageLog.service.UsageService - 購入内容：楽天モバイル通信料
2026-08-11 17:10:25.885 INFO  c.c.UsageLog.service.UsageService - 金額：3278
2026-08-11 17:10:25.885 INFO  c.c.UsageLog.service.UsageService - 購入日：2026-07-11
2026-08-11 17:10:25.885 INFO  c.c.UsageLog.service.UsageService - 行番号：35
2026-08-11 17:10:25.885 INFO  c.c.UsageLog.service.UsageService - 購入内容：マスター国内利用　MZZ ｹｰﾃｨｰﾌﾞｲｽｲﾐﾝｸﾞﾊﾟ
2026-08-11 17:10:25.885 INFO  c.c.UsageLog.service.UsageService - 金額：600
2026-08-11 17:10:25.885 INFO  c.c.UsageLog.service.UsageService - 購入日：2026-07-10
2026-08-11 17:10:25.885 INFO  c.c.UsageLog.service.UsageService - 行番号：36
2026-08-11 17:10:25.885 INFO  c.c.UsageLog.service.UsageService - 購入内容：日本通信株式会社
2026-08-11 17:10:25.885 INFO  c.c.UsageLog.service.UsageService - 金額：2259
2026-08-11 17:10:25.885 INFO  c.c.UsageLog.service.UsageService - 購入日：2026-07-08
2026-08-11 17:10:25.885 INFO  c.c.UsageLog.service.UsageService - 行番号：37
2026-08-11 17:10:25.885 INFO  c.c.UsageLog.service.UsageService - 購入内容：マスター国内利用　MZZ SQ*ｸﾘｽﾌﾟｻﾗﾀﾞﾜｸｽｳ
2026-08-11 17:10:25.885 INFO  c.c.UsageLog.service.UsageService - 金額：1346
2026-08-11 17:10:25.885 INFO  c.c.UsageLog.service.UsageService - 購入日：2026-07-08
2026-08-11 17:10:25.885 INFO  c.c.UsageLog.service.UsageService - 行番号：38
2026-08-11 17:10:25.885 INFO  c.c.UsageLog.service.UsageService - 購入内容：マスター国内利用　MZZ ﾓﾊﾞｲﾙｲｺｶﾁﾔ-ｼﾞ
2026-08-11 17:10:25.885 INFO  c.c.UsageLog.service.UsageService - 金額：5000
2026-08-11 17:10:25.885 INFO  c.c.UsageLog.service.UsageService - 購入日：2026-07-08
2026-08-11 17:10:25.885 INFO  c.c.UsageLog.service.UsageService - 行番号：39
2026-08-11 17:10:25.885 INFO  c.c.UsageLog.service.UsageService - 購入内容：マスター国内利用　MZZ ﾏﾙｶﾞﾒｾｲﾒﾝ ｳﾒﾀﾞ/N
2026-08-11 17:10:25.885 INFO  c.c.UsageLog.service.UsageService - 金額：850
2026-08-11 17:10:25.885 INFO  c.c.UsageLog.service.UsageService - 購入日：2026-07-07
2026-08-11 17:10:25.885 INFO  c.c.UsageLog.service.UsageService - 行番号：40
2026-08-11 17:10:25.885 INFO  c.c.UsageLog.service.UsageService - 購入内容：マスター国内利用　MZZ ｲｵﾝ ﾐﾉｵ
2026-08-11 17:10:25.885 INFO  c.c.UsageLog.service.UsageService - 金額：2601
2026-08-11 17:10:25.885 INFO  c.c.UsageLog.service.UsageService - 購入日：2026-07-07
2026-08-11 17:10:25.885 INFO  c.c.UsageLog.service.UsageService - 行番号：41
2026-08-11 17:10:25.885 INFO  c.c.UsageLog.service.UsageService - 購入内容：エスト　7115462052188 01010
2026-08-11 17:10:25.885 INFO  c.c.UsageLog.service.UsageService - 金額：1430
2026-08-11 17:10:25.885 INFO  c.c.UsageLog.service.UsageService - 購入日：2026-07-06
2026-08-11 17:10:25.885 INFO  c.c.UsageLog.service.UsageService - 行番号：42
2026-08-11 17:10:25.885 INFO  c.c.UsageLog.service.UsageService - 購入内容：マスター国内利用　MZZ ﾅﾆﾜﾉﾕ
2026-08-11 17:10:25.885 INFO  c.c.UsageLog.service.UsageService - 金額：900
2026-08-11 17:10:25.885 INFO  c.c.UsageLog.service.UsageService - 購入日：2026-07-06
2026-08-11 17:10:25.885 INFO  c.c.UsageLog.service.UsageService - 行番号：43
2026-08-11 17:10:25.885 INFO  c.c.UsageLog.service.UsageService - 購入内容：マスター国内利用　MYY ﾐﾉｵｷﾕ-ｽﾞﾓ-ﾙﾃﾝ
2026-08-11 17:10:25.885 INFO  c.c.UsageLog.service.UsageService - 金額：567
2026-08-11 17:10:25.885 INFO  c.c.UsageLog.service.UsageService - 購入日：2026-07-04
2026-08-11 17:10:25.885 INFO  c.c.UsageLog.service.UsageService - 行番号：44
2026-08-11 17:10:25.885 INFO  c.c.UsageLog.service.UsageService - 購入内容：マスター国内利用　MZZ ﾐﾉｵｷﾕ-ｽﾞﾓ-ﾙ
2026-08-11 17:10:25.885 INFO  c.c.UsageLog.service.UsageService - 金額：160
2026-08-11 17:10:25.885 INFO  c.c.UsageLog.service.UsageService - 購入日：2026-07-04
2026-08-11 17:10:25.885 INFO  c.c.UsageLog.service.UsageService - 行番号：45
2026-08-11 17:10:25.885 INFO  c.c.UsageLog.service.UsageService - 購入内容：マスター国内利用　MZZ APPLE COM BILL
2026-08-11 17:10:25.885 INFO  c.c.UsageLog.service.UsageService - 金額：1500
2026-08-11 17:10:25.885 INFO  c.c.UsageLog.service.UsageService - 購入日：2026-07-03
2026-08-11 17:10:25.885 INFO  c.c.UsageLog.service.UsageService - 行番号：46
2026-08-11 17:10:25.885 INFO  c.c.UsageLog.service.UsageService - 購入内容：海外利用　１　GITHUB INC.
2026-08-11 17:10:25.885 INFO  c.c.UsageLog.service.UsageService - 金額：1289
2026-08-11 17:10:25.885 INFO  c.c.UsageLog.service.UsageService - 購入日：2026-07-03
2026-08-11 17:10:25.885 INFO  c.c.UsageLog.service.UsageService - 行番号：47
2026-08-11 17:10:25.885 INFO  c.c.UsageLog.service.UsageService - 購入内容：マスター国内利用　MZZ AMAZON.CO.JP
2026-08-11 17:10:25.885 INFO  c.c.UsageLog.service.UsageService - 金額：5500
2026-08-11 17:10:25.885 INFO  c.c.UsageLog.service.UsageService - 購入日：2026-07-02
2026-08-11 17:10:25.885 INFO  c.c.UsageLog.service.UsageService - 行番号：48
2026-08-11 17:10:25.885 INFO  c.c.UsageLog.service.UsageService - 購入内容：マスター国内利用　MZZ ｲｵﾝ ﾐﾉｵ
2026-08-11 17:10:25.899 INFO  c.c.UsageLog.service.UsageService - 金額：2434
2026-08-11 17:10:25.900 INFO  c.c.UsageLog.service.UsageService - 購入日：2026-07-01
2026-08-11 17:10:25.900 INFO  c.c.UsageLog.service.UsageService - 行番号：49
2026-08-11 17:10:25.900 INFO  c.c.UsageLog.service.UsageService - 購入内容：エスト　7115462052186 05022
2026-08-11 17:10:25.900 INFO  c.c.UsageLog.service.UsageService - 金額：1050
2026-08-11 17:10:25.900 INFO  c.c.UsageLog.service.UsageService - 購入日：2026-07-01
2026-08-11 17:10:25.900 INFO  c.c.UsageLog.service.UsageService - 行番号：50
2026-08-11 17:10:25.900 INFO  c.c.UsageLog.service.UsageService - 購入内容：楽天マガジン　        705899
2026-08-11 17:10:25.900 INFO  c.c.UsageLog.service.UsageService - 金額：597
2026-08-11 17:10:25.900 INFO  c.c.UsageLog.service.UsageService - 購入日：2026-07-01
2026-08-11 17:10:25.900 INFO  c.c.UsageLog.service.UsageService - 行番号：51
2026-08-11 17:10:25.900 INFO  c.c.UsageLog.service.UsageService - 購入内容：日本通信株式会社
2026-08-11 17:10:25.900 INFO  c.c.UsageLog.service.UsageService - 金額：2181
2026-08-11 17:10:25.900 INFO  c.c.UsageLog.service.UsageService - 購入日：2026-08-08
2026-08-11 17:10:25.900 INFO  c.c.UsageLog.service.UsageService - 行番号：52
2026-08-11 17:10:25.900 INFO  c.c.UsageLog.service.UsageService - 購入内容：マスター国内利用　MZZ ﾎﾜｲﾃｲｳﾒﾀﾞ/NFC
2026-08-11 17:10:25.900 INFO  c.c.UsageLog.service.UsageService - 金額：880
2026-08-11 17:10:25.900 INFO  c.c.UsageLog.service.UsageService - 購入日：2026-08-05
2026-08-11 17:10:25.900 INFO  c.c.UsageLog.service.UsageService - 行番号：53
2026-08-11 17:10:25.900 INFO  c.c.UsageLog.service.UsageService - 購入内容：マスター国内利用　MZZ ﾛ-ｿﾝ
2026-08-11 17:10:25.900 INFO  c.c.UsageLog.service.UsageService - 金額：181
2026-08-11 17:10:25.900 INFO  c.c.UsageLog.service.UsageService - 購入日：2026-08-04
2026-08-11 17:10:25.900 INFO  c.c.UsageLog.service.UsageService - 行番号：54
2026-08-11 17:10:25.900 INFO  c.c.UsageLog.service.UsageService - 購入内容：マスター国内利用　MZZ ｱﾏｿﾞﾝﾌﾟﾗｲﾑｶｲﾋ
2026-08-11 17:10:25.900 INFO  c.c.UsageLog.service.UsageService - 金額：5900
2026-08-11 17:10:25.900 INFO  c.c.UsageLog.service.UsageService - 購入日：2026-08-04
2026-08-11 17:10:25.900 INFO  c.c.UsageLog.service.UsageService - 行番号：55
2026-08-11 17:10:25.900 INFO  c.c.UsageLog.service.UsageService - 購入内容：マスター国内利用　MZZ ﾓﾊﾞｲﾙｲｺｶﾁﾔ-ｼﾞ
2026-08-11 17:10:25.900 INFO  c.c.UsageLog.service.UsageService - 金額：2000
2026-08-11 17:10:25.900 INFO  c.c.UsageLog.service.UsageService - 購入日：2026-08-04
2026-08-11 17:10:25.905 INFO  c.c.UsageLog.service.UsageService - 行番号：56
2026-08-11 17:10:25.905 INFO  c.c.UsageLog.service.UsageService - 購入内容：マスター国内利用　MZZ APPLE COM BILL
2026-08-11 17:10:25.905 INFO  c.c.UsageLog.service.UsageService - 金額：1500
2026-08-11 17:10:25.905 INFO  c.c.UsageLog.service.UsageService - 購入日：2026-08-03
2026-08-11 17:10:25.905 INFO  c.c.UsageLog.service.UsageService - 行番号：57
2026-08-11 17:10:25.905 INFO  c.c.UsageLog.service.UsageService - 購入内容：マスター国内利用　MZZ AMAZON.CO.JP
2026-08-11 17:10:25.905 INFO  c.c.UsageLog.service.UsageService - 金額：2683
2026-08-11 17:10:25.905 INFO  c.c.UsageLog.service.UsageService - 購入日：2026-08-03
2026-08-11 17:10:25.905 INFO  c.c.UsageLog.service.UsageService - 行番号：58
2026-08-11 17:10:25.906 INFO  c.c.UsageLog.service.UsageService - 購入内容：マスター国内利用　MZZ ｶﾌﾞｼｷｶﾞｲｼｬﾐﾗｲﾄ
2026-08-11 17:10:25.906 INFO  c.c.UsageLog.service.UsageService - 金額：800
2026-08-11 17:10:25.906 INFO  c.c.UsageLog.service.UsageService - 購入日：2026-08-03
2026-08-11 17:10:25.906 INFO  c.c.UsageLog.service.UsageService - 行番号：59
2026-08-11 17:10:25.906 INFO  c.c.UsageLog.service.UsageService - 購入内容：ＪＣＢ国内利用　QP  ﾏﾙｶﾞﾒｾｲﾒﾝ ｳﾒﾀﾞ
2026-08-11 17:10:25.906 INFO  c.c.UsageLog.service.UsageService - 金額：780
2026-08-11 17:10:25.906 INFO  c.c.UsageLog.service.UsageService - 購入日：2026-08-03
2026-08-11 17:10:25.906 INFO  c.c.UsageLog.service.UsageService - 行番号：60
2026-08-11 17:10:25.907 INFO  c.c.UsageLog.service.UsageService - 購入内容：セブン－イレブン
2026-08-11 17:10:25.907 INFO  c.c.UsageLog.service.UsageService - 金額：329
2026-08-11 17:10:25.907 INFO  c.c.UsageLog.service.UsageService - 購入日：2026-08-03
2026-08-11 17:10:25.907 INFO  c.c.UsageLog.service.UsageService - 行番号：61
2026-08-11 17:10:25.907 INFO  c.c.UsageLog.service.UsageService - 購入内容：マスター国内利用　MZZ ﾛ-ｿﾝ
2026-08-11 17:10:25.907 INFO  c.c.UsageLog.service.UsageService - 金額：140
2026-08-11 17:10:25.907 INFO  c.c.UsageLog.service.UsageService - 購入日：2026-08-01
2026-08-11 17:10:25.908 INFO  c.c.UsageLog.service.UsageService - 行番号：62
2026-08-11 17:10:25.908 INFO  c.c.UsageLog.service.UsageService - 購入内容：マスター国内利用　MZZ SQ*ｷﾖﾄﾞｶﾝｻｲ
2026-08-11 17:10:25.908 INFO  c.c.UsageLog.service.UsageService - 金額：2860
2026-08-11 17:10:25.908 INFO  c.c.UsageLog.service.UsageService - 購入日：2026-08-01
2026-08-11 17:10:25.909 INFO  c.c.UsageLog.service.UsageService - 行番号：63
2026-08-11 17:10:25.909 INFO  c.c.UsageLog.service.UsageService - 購入内容：マスター国内利用　MZZ ﾓﾊﾞｲﾙｲｺｶﾁﾔ-ｼﾞ
2026-08-11 17:10:25.909 INFO  c.c.UsageLog.service.UsageService - 金額：2000
2026-08-11 17:10:25.910 INFO  c.c.UsageLog.service.UsageService - 購入日：2026-08-01
2026-08-11 17:10:25.910 INFO  c.c.UsageLog.service.UsageService - 行番号：64
2026-08-11 17:10:25.911 INFO  c.c.UsageLog.service.UsageService - 購入内容：楽天マガジン　        701165
2026-08-11 17:10:25.911 INFO  c.c.UsageLog.service.UsageService - 金額：597
2026-08-11 17:10:25.911 INFO  c.c.UsageLog.service.UsageService - 購入日：2026-08-01
2026-08-11 17:10:25.911 INFO  c.c.UsageLog.service.UsageService - 行番号：65
2026-08-11 17:10:25.912 INFO  c.c.UsageLog.service.UsageService - 行番号：66
2026-08-11 17:10:25.912 INFO  c.c.UsageLog.service.UsageService - 行番号：67
2026-08-11 17:10:25.912 INFO  c.c.UsageLog.service.UsageService - 購入内容：マスター国内利用　MZZ SQ*ｸﾘｽﾌﾟｻﾗﾀﾞﾜｸｽｳ
2026-08-11 17:10:25.912 INFO  c.c.UsageLog.service.UsageService - 金額：400
2026-08-11 17:10:25.912 INFO  c.c.UsageLog.service.UsageService - 購入日：2026-07-26
2026-08-11 17:12:07.228 INFO  c.c.UsageLog.service.UsageService - 購入内容：イオン箕面
2026-08-11 17:12:07.228 INFO  c.c.UsageLog.service.UsageService - 金額（値引き後）：884
2026-08-11 17:12:07.230 INFO  c.c.UsageLog.service.UsageService - 購入日：2026-06-11
2026-08-11 17:12:07.230 INFO  c.c.UsageLog.service.UsageService - 購入内容：イオン野田阪神
2026-08-11 17:12:07.230 INFO  c.c.UsageLog.service.UsageService - 金額（値引き後）：589
2026-08-11 17:12:07.230 INFO  c.c.UsageLog.service.UsageService - 購入日：2026-06-11
2026-08-11 17:12:07.230 INFO  c.c.UsageLog.service.UsageService - 購入内容：オオサカシコウソクデンキ
2026-08-11 17:12:07.230 INFO  c.c.UsageLog.service.UsageService - 金額（値引き後）：99750
2026-08-11 17:12:07.231 INFO  c.c.UsageLog.service.UsageService - 購入日：2026-06-11
2026-08-11 17:12:07.231 INFO  c.c.UsageLog.service.UsageService - 購入内容：イオンモバイル
2026-08-11 17:12:07.231 INFO  c.c.UsageLog.service.UsageService - 金額（値引き後）：1916
2026-08-11 17:12:07.232 INFO  c.c.UsageLog.service.UsageService - 購入日：2026-06-12
2026-08-11 17:12:07.232 INFO  c.c.UsageLog.service.UsageService - 購入内容：会員値引　　　（　　　　　　　￥１，９１６分）
2026-08-11 17:12:07.232 INFO  c.c.UsageLog.service.UsageService - 金額（値引き後）：-96
2026-08-11 17:12:07.238 WARN  o.s.w.s.m.m.a.ExceptionHandlerExceptionResolver - Resolved [java.time.format.DateTimeParseException: Text '20' could not be parsed at index 0]
2026-08-11 17:14:11.075 INFO  o.s.b.d.a.LocalDevToolsAutoConfiguration$RestartingClassPathChangeChangedEventListener - Restarting due to 1 class path change (0 additions, 0 deletions, 1 modification)
2026-08-11 17:14:11.089 INFO  o.a.coyote.http11.Http11NioProtocol - Stopping ProtocolHandler ["http-nio-8080"]
2026-08-11 17:14:11.105 INFO  o.s.o.j.LocalContainerEntityManagerFactoryBean - Closing JPA EntityManagerFactory for persistence unit 'default'
2026-08-11 17:14:11.114 INFO  com.zaxxer.hikari.HikariDataSource - HikariPool-1 - Shutdown initiated...
2026-08-11 17:14:11.123 INFO  com.zaxxer.hikari.HikariDataSource - HikariPool-1 - Shutdown completed.
2026-08-11 17:14:11.238 INFO  c.c.UsageLog.UsageLogApplication - Starting UsageLogApplication using Java 22 with PID 22708 (C:\workspace\UsageLog\target\classes started by chote in C:\workspace\UsageLog)
2026-08-11 17:14:11.238 INFO  c.c.UsageLog.UsageLogApplication - No active profile set, falling back to 1 default profile: "default"
2026-08-11 17:14:11.468 INFO  o.s.d.r.c.RepositoryConfigurationDelegate - Bootstrapping Spring Data JPA repositories in DEFAULT mode.
2026-08-11 17:14:11.487 INFO  o.s.d.r.c.RepositoryConfigurationDelegate - Finished Spring Data repository scanning in 14 ms. Found 3 JPA repository interfaces.
2026-08-11 17:14:11.617 INFO  o.s.b.w.e.tomcat.TomcatWebServer - Tomcat initialized with port 8080 (http)
2026-08-11 17:14:11.618 INFO  o.a.coyote.http11.Http11NioProtocol - Initializing ProtocolHandler ["http-nio-8080"]
2026-08-11 17:14:11.618 INFO  o.a.catalina.core.StandardService - Starting service [Tomcat]
2026-08-11 17:14:11.618 INFO  o.a.catalina.core.StandardEngine - Starting Servlet engine: [Apache Tomcat/10.1.20]
2026-08-11 17:14:11.618 INFO  o.a.c.c.C.[Tomcat].[localhost].[/] - Initializing Spring embedded WebApplicationContext
2026-08-11 17:14:11.618 INFO  o.s.b.w.s.c.ServletWebServerApplicationContext - Root WebApplicationContext: initialization completed in 378 ms
2026-08-11 17:14:11.735 INFO  o.h.jpa.internal.util.LogHelper - HHH000204: Processing PersistenceUnitInfo [name: default]
2026-08-11 17:14:11.735 INFO  o.h.c.i.RegionFactoryInitiator - HHH000026: Second-level cache disabled
2026-08-11 17:14:11.735 INFO  o.s.o.j.p.SpringPersistenceUnitInfo - No LoadTimeWeaver setup: ignoring JPA class transformer
2026-08-11 17:14:11.750 INFO  com.zaxxer.hikari.HikariDataSource - HikariPool-2 - Starting...
2026-08-11 17:14:11.773 INFO  com.zaxxer.hikari.pool.HikariPool - HikariPool-2 - Added connection com.mysql.cj.jdbc.ConnectionImpl@1e72922a
2026-08-11 17:14:11.774 INFO  com.zaxxer.hikari.HikariDataSource - HikariPool-2 - Start completed.
2026-08-11 17:14:11.835 INFO  o.h.e.t.j.p.i.JtaPlatformInitiator - HHH000489: No JTA platform available (set 'hibernate.transaction.jta.platform' to enable JTA platform integration)
2026-08-11 17:14:11.835 INFO  o.s.o.j.LocalContainerEntityManagerFactoryBean - Initialized JPA EntityManagerFactory for persistence unit 'default'
2026-08-11 17:14:11.976 WARN  o.s.b.a.o.j.JpaBaseConfiguration$JpaWebConfiguration - spring.jpa.open-in-view is enabled by default. Therefore, database queries may be performed during view rendering. Explicitly configure spring.jpa.open-in-view to disable this warning
2026-08-11 17:14:11.999 INFO  o.s.b.a.w.s.WelcomePageHandlerMapping - Adding welcome page template: index
2026-08-11 17:14:12.262 INFO  o.s.b.d.a.OptionalLiveReloadServer - LiveReload server is running on port 35729
2026-08-11 17:14:12.267 INFO  o.s.b.a.e.web.EndpointLinksResolver - Exposing 1 endpoint(s) beneath base path '/actuator'
2026-08-11 17:14:12.286 INFO  o.a.coyote.http11.Http11NioProtocol - Starting ProtocolHandler ["http-nio-8080"]
2026-08-11 17:14:12.286 INFO  o.s.b.w.e.tomcat.TomcatWebServer - Tomcat started on port 8080 (http) with context path ''
2026-08-11 17:14:12.303 INFO  c.c.UsageLog.UsageLogApplication - Started UsageLogApplication in 1.1 seconds (process running for 336.854)
2026-08-11 17:14:12.305 INFO  o.s.b.d.a.ConditionEvaluationDeltaLoggingListener - Condition evaluation unchanged
2026-08-11 17:14:12.658 INFO  o.s.o.j.LocalContainerEntityManagerFactoryBean - Closing JPA EntityManagerFactory for persistence unit 'default'
2026-08-11 17:14:12.658 INFO  com.zaxxer.hikari.HikariDataSource - HikariPool-2 - Shutdown initiated...
2026-08-11 17:14:12.658 INFO  com.zaxxer.hikari.HikariDataSource - HikariPool-2 - Shutdown completed.
2026-08-11 17:14:27.679 INFO  c.c.UsageLog.UsageLogApplication - Starting UsageLogApplication using Java 22 with PID 14552 (C:\workspace\UsageLog\target\classes started by chote in C:\workspace\UsageLog)
2026-08-11 17:14:27.681 INFO  c.c.UsageLog.UsageLogApplication - No active profile set, falling back to 1 default profile: "default"
2026-08-11 17:14:27.732 INFO  o.s.b.d.e.DevToolsPropertyDefaultsPostProcessor - Devtools property defaults active! Set 'spring.devtools.add-properties' to 'false' to disable
2026-08-11 17:14:27.733 INFO  o.s.b.d.e.DevToolsPropertyDefaultsPostProcessor - For additional web related logging consider setting the 'logging.level.web' property to 'DEBUG'
2026-08-11 17:14:28.360 INFO  o.s.d.r.c.RepositoryConfigurationDelegate - Bootstrapping Spring Data JPA repositories in DEFAULT mode.
2026-08-11 17:14:28.408 INFO  o.s.d.r.c.RepositoryConfigurationDelegate - Finished Spring Data repository scanning in 36 ms. Found 3 JPA repository interfaces.
2026-08-11 17:14:28.896 INFO  o.s.b.w.e.tomcat.TomcatWebServer - Tomcat initialized with port 8080 (http)
2026-08-11 17:14:28.915 INFO  o.a.coyote.http11.Http11NioProtocol - Initializing ProtocolHandler ["http-nio-8080"]
2026-08-11 17:14:28.918 INFO  o.a.catalina.core.StandardService - Starting service [Tomcat]
2026-08-11 17:14:28.918 INFO  o.a.catalina.core.StandardEngine - Starting Servlet engine: [Apache Tomcat/10.1.20]
2026-08-11 17:14:28.950 INFO  o.a.c.c.C.[Tomcat].[localhost].[/] - Initializing Spring embedded WebApplicationContext
2026-08-11 17:14:28.950 INFO  o.s.b.w.s.c.ServletWebServerApplicationContext - Root WebApplicationContext: initialization completed in 1217 ms
2026-08-11 17:14:29.177 INFO  o.h.jpa.internal.util.LogHelper - HHH000204: Processing PersistenceUnitInfo [name: default]
2026-08-11 17:14:29.216 INFO  org.hibernate.Version - HHH000412: Hibernate ORM core version 6.4.4.Final
2026-08-11 17:14:29.236 INFO  o.h.c.i.RegionFactoryInitiator - HHH000026: Second-level cache disabled
2026-08-11 17:14:29.379 INFO  o.s.o.j.p.SpringPersistenceUnitInfo - No LoadTimeWeaver setup: ignoring JPA class transformer
2026-08-11 17:14:29.398 INFO  com.zaxxer.hikari.HikariDataSource - HikariPool-1 - Starting...
2026-08-11 17:14:29.629 INFO  com.zaxxer.hikari.pool.HikariPool - HikariPool-1 - Added connection com.mysql.cj.jdbc.ConnectionImpl@fa13a31
2026-08-11 17:14:29.629 INFO  com.zaxxer.hikari.HikariDataSource - HikariPool-1 - Start completed.
2026-08-11 17:14:30.243 INFO  o.h.e.t.j.p.i.JtaPlatformInitiator - HHH000489: No JTA platform available (set 'hibernate.transaction.jta.platform' to enable JTA platform integration)
2026-08-11 17:14:30.284 INFO  o.s.o.j.LocalContainerEntityManagerFactoryBean - Initialized JPA EntityManagerFactory for persistence unit 'default'
2026-08-11 17:14:30.462 INFO  o.s.d.j.r.query.QueryEnhancerFactory - Hibernate is in classpath; If applicable, HQL parser will be used.
2026-08-11 17:14:31.084 WARN  o.s.b.a.o.j.JpaBaseConfiguration$JpaWebConfiguration - spring.jpa.open-in-view is enabled by default. Therefore, database queries may be performed during view rendering. Explicitly configure spring.jpa.open-in-view to disable this warning
2026-08-11 17:14:31.118 INFO  o.s.b.a.w.s.WelcomePageHandlerMapping - Adding welcome page template: index
2026-08-11 17:14:31.551 INFO  o.s.b.d.a.OptionalLiveReloadServer - LiveReload server is running on port 35729
2026-08-11 17:14:31.571 INFO  o.s.b.a.e.web.EndpointLinksResolver - Exposing 1 endpoint(s) beneath base path '/actuator'
2026-08-11 17:14:31.613 INFO  o.a.coyote.http11.Http11NioProtocol - Starting ProtocolHandler ["http-nio-8080"]
2026-08-11 17:14:31.640 INFO  o.s.b.w.e.tomcat.TomcatWebServer - Tomcat started on port 8080 (http) with context path ''
2026-08-11 17:14:31.645 INFO  c.c.UsageLog.UsageLogApplication - Started UsageLogApplication in 4.384 seconds (process running for 4.711)
2026-08-11 17:15:08.448 INFO  o.a.c.c.C.[Tomcat].[localhost].[/] - Initializing Spring DispatcherServlet 'dispatcherServlet'
2026-08-11 17:15:08.448 INFO  o.s.web.servlet.DispatcherServlet - Initializing Servlet 'dispatcherServlet'
2026-08-11 17:15:08.457 INFO  o.s.web.servlet.DispatcherServlet - Completed initialization in 9 ms
2026-08-11 17:15:18.660 INFO  c.c.UsageLog.service.UsageService - 行番号：1
2026-08-11 17:15:18.660 INFO  c.c.UsageLog.service.UsageService - 行番号：2
2026-08-11 17:15:18.660 INFO  c.c.UsageLog.service.UsageService - 行番号：3
2026-08-11 17:15:18.660 INFO  c.c.UsageLog.service.UsageService - 行番号：4
2026-08-11 17:15:18.660 INFO  c.c.UsageLog.service.UsageService - 行番号：5
2026-08-11 17:15:18.660 INFO  c.c.UsageLog.service.UsageService - 行番号：6
2026-08-11 17:15:18.660 INFO  c.c.UsageLog.service.UsageService - 行番号：7
2026-08-11 17:15:18.673 INFO  c.c.UsageLog.service.UsageService - 行番号：8
2026-08-11 17:15:18.673 INFO  c.c.UsageLog.service.UsageService - 行番号：9
2026-08-11 17:15:18.673 INFO  c.c.UsageLog.service.UsageService - 購入内容：イオン箕面
2026-08-11 17:15:18.674 INFO  c.c.UsageLog.service.UsageService - 金額（値引き後）：884
2026-08-11 17:15:18.676 INFO  c.c.UsageLog.service.UsageService - 購入日：2026-06-11
2026-08-11 17:15:18.676 INFO  c.c.UsageLog.service.UsageService - 行番号：10
2026-08-11 17:15:18.676 INFO  c.c.UsageLog.service.UsageService - 購入内容：イオン野田阪神
2026-08-11 17:15:18.676 INFO  c.c.UsageLog.service.UsageService - 金額（値引き後）：589
2026-08-11 17:15:18.677 INFO  c.c.UsageLog.service.UsageService - 購入日：2026-06-11
2026-08-11 17:15:18.677 INFO  c.c.UsageLog.service.UsageService - 行番号：11
2026-08-11 17:15:18.677 INFO  c.c.UsageLog.service.UsageService - 購入内容：オオサカシコウソクデンキ
2026-08-11 17:15:18.677 INFO  c.c.UsageLog.service.UsageService - 金額（値引き後）：99750
2026-08-11 17:15:18.678 INFO  c.c.UsageLog.service.UsageService - 購入日：2026-06-11
2026-08-11 17:15:18.678 INFO  c.c.UsageLog.service.UsageService - 行番号：12
2026-08-11 17:15:18.678 INFO  c.c.UsageLog.service.UsageService - 購入内容：イオンモバイル
2026-08-11 17:15:18.678 INFO  c.c.UsageLog.service.UsageService - 金額（値引き後）：1916
2026-08-11 17:15:18.678 INFO  c.c.UsageLog.service.UsageService - 購入日：2026-06-12
2026-08-11 17:15:18.678 INFO  c.c.UsageLog.service.UsageService - 行番号：13
2026-08-11 17:15:18.678 INFO  c.c.UsageLog.service.UsageService - 購入内容：会員値引　　　（　　　　　　　￥１，９１６分）
2026-08-11 17:15:18.678 INFO  c.c.UsageLog.service.UsageService - 金額（値引き後）：-96
2026-08-11 17:15:18.690 WARN  o.s.w.s.m.m.a.ExceptionHandlerExceptionResolver - Resolved [java.time.format.DateTimeParseException: Text '20' could not be parsed at index 0]
2026-08-11 17:18:21.518 INFO  o.s.b.d.a.LocalDevToolsAutoConfiguration$RestartingClassPathChangeChangedEventListener - Restarting due to 1 class path change (0 additions, 0 deletions, 1 modification)
2026-08-11 17:18:21.526 INFO  o.a.coyote.http11.Http11NioProtocol - Stopping ProtocolHandler ["http-nio-8080"]
2026-08-11 17:18:21.536 INFO  o.s.o.j.LocalContainerEntityManagerFactoryBean - Closing JPA EntityManagerFactory for persistence unit 'default'
2026-08-11 17:18:21.541 INFO  com.zaxxer.hikari.HikariDataSource - HikariPool-1 - Shutdown initiated...
2026-08-11 17:18:21.549 INFO  com.zaxxer.hikari.HikariDataSource - HikariPool-1 - Shutdown completed.
2026-08-11 17:18:21.636 INFO  c.c.UsageLog.UsageLogApplication - Starting UsageLogApplication using Java 22 with PID 14552 (C:\workspace\UsageLog\target\classes started by chote in C:\workspace\UsageLog)
2026-08-11 17:18:21.636 INFO  c.c.UsageLog.UsageLogApplication - No active profile set, falling back to 1 default profile: "default"
2026-08-11 17:18:21.819 INFO  o.s.d.r.c.RepositoryConfigurationDelegate - Bootstrapping Spring Data JPA repositories in DEFAULT mode.
2026-08-11 17:18:21.829 INFO  o.s.d.r.c.RepositoryConfigurationDelegate - Finished Spring Data repository scanning in 10 ms. Found 3 JPA repository interfaces.
2026-08-11 17:18:21.946 INFO  o.s.b.w.e.tomcat.TomcatWebServer - Tomcat initialized with port 8080 (http)
2026-08-11 17:18:21.949 INFO  o.a.coyote.http11.Http11NioProtocol - Initializing ProtocolHandler ["http-nio-8080"]
2026-08-11 17:18:21.949 INFO  o.a.catalina.core.StandardService - Starting service [Tomcat]
2026-08-11 17:18:21.950 INFO  o.a.catalina.core.StandardEngine - Starting Servlet engine: [Apache Tomcat/10.1.20]
2026-08-11 17:18:21.963 INFO  o.a.c.c.C.[Tomcat].[localhost].[/] - Initializing Spring embedded WebApplicationContext
2026-08-11 17:18:21.964 INFO  o.s.b.w.s.c.ServletWebServerApplicationContext - Root WebApplicationContext: initialization completed in 325 ms
2026-08-11 17:18:22.046 INFO  o.h.jpa.internal.util.LogHelper - HHH000204: Processing PersistenceUnitInfo [name: default]
2026-08-11 17:18:22.047 INFO  o.h.c.i.RegionFactoryInitiator - HHH000026: Second-level cache disabled
2026-08-11 17:18:22.050 INFO  o.s.o.j.p.SpringPersistenceUnitInfo - No LoadTimeWeaver setup: ignoring JPA class transformer
2026-08-11 17:18:22.051 INFO  com.zaxxer.hikari.HikariDataSource - HikariPool-2 - Starting...
2026-08-11 17:18:22.075 INFO  com.zaxxer.hikari.pool.HikariPool - HikariPool-2 - Added connection com.mysql.cj.jdbc.ConnectionImpl@a7bb625
2026-08-11 17:18:22.076 INFO  com.zaxxer.hikari.HikariDataSource - HikariPool-2 - Start completed.
2026-08-11 17:18:22.141 INFO  o.h.e.t.j.p.i.JtaPlatformInitiator - HHH000489: No JTA platform available (set 'hibernate.transaction.jta.platform' to enable JTA platform integration)
2026-08-11 17:18:22.149 INFO  o.s.o.j.LocalContainerEntityManagerFactoryBean - Initialized JPA EntityManagerFactory for persistence unit 'default'
2026-08-11 17:18:22.280 WARN  o.s.b.a.o.j.JpaBaseConfiguration$JpaWebConfiguration - spring.jpa.open-in-view is enabled by default. Therefore, database queries may be performed during view rendering. Explicitly configure spring.jpa.open-in-view to disable this warning
2026-08-11 17:18:22.300 INFO  o.s.b.a.w.s.WelcomePageHandlerMapping - Adding welcome page template: index
2026-08-11 17:18:22.511 INFO  o.s.b.d.a.OptionalLiveReloadServer - LiveReload server is running on port 35729
2026-08-11 17:18:22.515 INFO  o.s.b.a.e.web.EndpointLinksResolver - Exposing 1 endpoint(s) beneath base path '/actuator'
2026-08-11 17:18:22.529 INFO  o.a.coyote.http11.Http11NioProtocol - Starting ProtocolHandler ["http-nio-8080"]
2026-08-11 17:18:22.540 INFO  o.s.b.w.e.tomcat.TomcatWebServer - Tomcat started on port 8080 (http) with context path ''
2026-08-11 17:18:22.545 INFO  c.c.UsageLog.UsageLogApplication - Started UsageLogApplication in 0.933 seconds (process running for 235.607)
2026-08-11 17:18:22.548 INFO  o.s.b.d.a.ConditionEvaluationDeltaLoggingListener - Condition evaluation unchanged
2026-08-11 17:18:29.805 INFO  o.s.o.j.LocalContainerEntityManagerFactoryBean - Closing JPA EntityManagerFactory for persistence unit 'default'
2026-08-11 17:18:29.807 INFO  com.zaxxer.hikari.HikariDataSource - HikariPool-2 - Shutdown initiated...
2026-08-11 17:18:29.813 INFO  com.zaxxer.hikari.HikariDataSource - HikariPool-2 - Shutdown completed.
2026-08-11 17:18:45.518 INFO  c.c.UsageLog.UsageLogApplication - Starting UsageLogApplication using Java 22 with PID 11104 (C:\workspace\UsageLog\target\classes started by chote in C:\workspace\UsageLog)
2026-08-11 17:18:45.520 INFO  c.c.UsageLog.UsageLogApplication - No active profile set, falling back to 1 default profile: "default"
2026-08-11 17:18:45.623 INFO  o.s.b.d.e.DevToolsPropertyDefaultsPostProcessor - Devtools property defaults active! Set 'spring.devtools.add-properties' to 'false' to disable
2026-08-11 17:18:45.623 INFO  o.s.b.d.e.DevToolsPropertyDefaultsPostProcessor - For additional web related logging consider setting the 'logging.level.web' property to 'DEBUG'
2026-08-11 17:18:46.340 INFO  o.s.d.r.c.RepositoryConfigurationDelegate - Bootstrapping Spring Data JPA repositories in DEFAULT mode.
2026-08-11 17:18:46.382 INFO  o.s.d.r.c.RepositoryConfigurationDelegate - Finished Spring Data repository scanning in 37 ms. Found 3 JPA repository interfaces.
2026-08-11 17:18:46.882 INFO  o.s.b.w.e.tomcat.TomcatWebServer - Tomcat initialized with port 8080 (http)
2026-08-11 17:18:46.889 INFO  o.a.coyote.http11.Http11NioProtocol - Initializing ProtocolHandler ["http-nio-8080"]
2026-08-11 17:18:46.891 INFO  o.a.catalina.core.StandardService - Starting service [Tomcat]
2026-08-11 17:18:46.891 INFO  o.a.catalina.core.StandardEngine - Starting Servlet engine: [Apache Tomcat/10.1.20]
2026-08-11 17:18:46.932 INFO  o.a.c.c.C.[Tomcat].[localhost].[/] - Initializing Spring embedded WebApplicationContext
2026-08-11 17:18:46.933 INFO  o.s.b.w.s.c.ServletWebServerApplicationContext - Root WebApplicationContext: initialization completed in 1309 ms
2026-08-11 17:18:47.155 INFO  o.h.jpa.internal.util.LogHelper - HHH000204: Processing PersistenceUnitInfo [name: default]
2026-08-11 17:18:47.190 INFO  org.hibernate.Version - HHH000412: Hibernate ORM core version 6.4.4.Final
2026-08-11 17:18:47.211 INFO  o.h.c.i.RegionFactoryInitiator - HHH000026: Second-level cache disabled
2026-08-11 17:18:47.361 INFO  o.s.o.j.p.SpringPersistenceUnitInfo - No LoadTimeWeaver setup: ignoring JPA class transformer
2026-08-11 17:18:47.380 INFO  com.zaxxer.hikari.HikariDataSource - HikariPool-1 - Starting...
2026-08-11 17:18:47.670 INFO  com.zaxxer.hikari.pool.HikariPool - HikariPool-1 - Added connection com.mysql.cj.jdbc.ConnectionImpl@3d028a8b
2026-08-11 17:18:47.674 INFO  com.zaxxer.hikari.HikariDataSource - HikariPool-1 - Start completed.
2026-08-11 17:18:48.468 INFO  o.h.e.t.j.p.i.JtaPlatformInitiator - HHH000489: No JTA platform available (set 'hibernate.transaction.jta.platform' to enable JTA platform integration)
2026-08-11 17:18:48.501 INFO  o.s.o.j.LocalContainerEntityManagerFactoryBean - Initialized JPA EntityManagerFactory for persistence unit 'default'
2026-08-11 17:18:48.678 INFO  o.s.d.j.r.query.QueryEnhancerFactory - Hibernate is in classpath; If applicable, HQL parser will be used.
2026-08-11 17:18:49.230 WARN  o.s.b.a.o.j.JpaBaseConfiguration$JpaWebConfiguration - spring.jpa.open-in-view is enabled by default. Therefore, database queries may be performed during view rendering. Explicitly configure spring.jpa.open-in-view to disable this warning
2026-08-11 17:18:49.258 INFO  o.s.b.a.w.s.WelcomePageHandlerMapping - Adding welcome page template: index
2026-08-11 17:18:49.691 INFO  o.s.b.d.a.OptionalLiveReloadServer - LiveReload server is running on port 35729
2026-08-11 17:18:49.708 INFO  o.s.b.a.e.web.EndpointLinksResolver - Exposing 1 endpoint(s) beneath base path '/actuator'
2026-08-11 17:18:49.753 INFO  o.a.coyote.http11.Http11NioProtocol - Starting ProtocolHandler ["http-nio-8080"]
2026-08-11 17:18:49.777 INFO  o.s.b.w.e.tomcat.TomcatWebServer - Tomcat started on port 8080 (http) with context path ''
2026-08-11 17:18:49.786 INFO  c.c.UsageLog.UsageLogApplication - Started UsageLogApplication in 4.684 seconds (process running for 5.02)
2026-08-11 17:19:12.391 INFO  o.a.c.c.C.[Tomcat].[localhost].[/] - Initializing Spring DispatcherServlet 'dispatcherServlet'
2026-08-11 17:19:12.391 INFO  o.s.web.servlet.DispatcherServlet - Initializing Servlet 'dispatcherServlet'
2026-08-11 17:19:12.395 INFO  o.s.web.servlet.DispatcherServlet - Completed initialization in 4 ms
2026-08-11 17:19:22.589 INFO  c.c.UsageLog.service.UsageService - 行番号：1
2026-08-11 17:19:22.589 INFO  c.c.UsageLog.service.UsageService - 行番号：2
2026-08-11 17:19:22.589 INFO  c.c.UsageLog.service.UsageService - 行番号：3
2026-08-11 17:19:22.589 INFO  c.c.UsageLog.service.UsageService - 行番号：4
2026-08-11 17:19:22.589 INFO  c.c.UsageLog.service.UsageService - 行番号：5
2026-08-11 17:19:22.589 INFO  c.c.UsageLog.service.UsageService - 行番号：6
2026-08-11 17:19:22.589 INFO  c.c.UsageLog.service.UsageService - 行番号：7
2026-08-11 17:19:22.589 INFO  c.c.UsageLog.service.UsageService - 行番号：8
2026-08-11 17:19:22.589 INFO  c.c.UsageLog.service.UsageService - 行番号：9
2026-08-11 17:19:22.589 INFO  c.c.UsageLog.service.UsageService - 購入内容：イオン箕面
2026-08-11 17:19:22.589 INFO  c.c.UsageLog.service.UsageService - 金額（値引き後）：884
2026-08-11 17:19:22.605 INFO  c.c.UsageLog.service.UsageService - 購入日：2026-06-11
2026-08-11 17:19:22.606 INFO  c.c.UsageLog.service.UsageService - 行番号：10
2026-08-11 17:19:22.606 INFO  c.c.UsageLog.service.UsageService - 購入内容：イオン野田阪神
2026-08-11 17:19:22.606 INFO  c.c.UsageLog.service.UsageService - 金額（値引き後）：589
2026-08-11 17:19:22.606 INFO  c.c.UsageLog.service.UsageService - 購入日：2026-06-11
2026-08-11 17:19:22.607 INFO  c.c.UsageLog.service.UsageService - 行番号：11
2026-08-11 17:19:22.607 INFO  c.c.UsageLog.service.UsageService - 購入内容：オオサカシコウソクデンキ
2026-08-11 17:19:22.607 INFO  c.c.UsageLog.service.UsageService - 金額（値引き後）：99750
2026-08-11 17:19:22.607 INFO  c.c.UsageLog.service.UsageService - 購入日：2026-06-11
2026-08-11 17:19:22.607 INFO  c.c.UsageLog.service.UsageService - 行番号：12
2026-08-11 17:19:22.607 INFO  c.c.UsageLog.service.UsageService - 購入内容：イオンモバイル
2026-08-11 17:19:22.607 INFO  c.c.UsageLog.service.UsageService - 金額（値引き後）：1916
2026-08-11 17:19:22.607 INFO  c.c.UsageLog.service.UsageService - 購入日：2026-06-12
2026-08-11 17:19:22.607 INFO  c.c.UsageLog.service.UsageService - 行番号：13
2026-08-11 17:19:22.607 INFO  c.c.UsageLog.service.UsageService - 行番号：14
2026-08-11 17:19:22.607 INFO  c.c.UsageLog.service.UsageService - 購入内容：イオン箕面
2026-08-11 17:19:22.607 INFO  c.c.UsageLog.service.UsageService - 金額（値引き後）：1747
2026-08-11 17:19:22.607 INFO  c.c.UsageLog.service.UsageService - 購入日：2026-06-12
2026-08-11 17:19:22.607 INFO  c.c.UsageLog.service.UsageService - 行番号：15
2026-08-11 17:19:22.607 INFO  c.c.UsageLog.service.UsageService - 購入内容：イオン箕面
2026-08-11 17:19:22.607 INFO  c.c.UsageLog.service.UsageService - 金額（値引き後）：3258
2026-08-11 17:19:22.607 INFO  c.c.UsageLog.service.UsageService - 購入日：2026-06-12
2026-08-11 17:19:22.607 INFO  c.c.UsageLog.service.UsageService - 行番号：16
2026-08-11 17:19:22.607 INFO  c.c.UsageLog.service.UsageService - 購入内容：ブッキング・ドットコム・
2026-08-11 17:19:22.607 INFO  c.c.UsageLog.service.UsageService - 金額（値引き後）：132
2026-08-11 17:19:22.607 INFO  c.c.UsageLog.service.UsageService - 購入日：2026-06-12
2026-08-11 17:19:22.607 INFO  c.c.UsageLog.service.UsageService - 行番号：17
2026-08-11 17:19:22.607 INFO  c.c.UsageLog.service.UsageService - 購入内容：トヨタレンタリース兵庫明
2026-08-11 17:19:22.607 INFO  c.c.UsageLog.service.UsageService - 金額（値引き後）：5692
2026-08-11 17:19:22.607 INFO  c.c.UsageLog.service.UsageService - 購入日：2026-06-13
2026-08-11 17:19:22.607 INFO  c.c.UsageLog.service.UsageService - 行番号：18
2026-08-11 17:19:22.607 INFO  c.c.UsageLog.service.UsageService - 購入内容：トヨタレンタリース兵庫明
2026-08-11 17:19:22.607 INFO  c.c.UsageLog.service.UsageService - 金額（値引き後）：8800
2026-08-11 17:19:22.607 INFO  c.c.UsageLog.service.UsageService - 購入日：2026-06-13
2026-08-11 17:19:22.607 INFO  c.c.UsageLog.service.UsageService - 行番号：19
2026-08-11 17:19:22.607 INFO  c.c.UsageLog.service.UsageService - 購入内容：シアワセノパンケ−キ
2026-08-11 17:19:22.607 INFO  c.c.UsageLog.service.UsageService - 金額（値引き後）：4210
2026-08-11 17:19:22.607 INFO  c.c.UsageLog.service.UsageService - 購入日：2026-06-13
2026-08-11 17:19:22.607 INFO  c.c.UsageLog.service.UsageService - 行番号：20
2026-08-11 17:19:22.607 INFO  c.c.UsageLog.service.UsageService - 購入内容：ゴ−（タクシ−アプリ）＊
2026-08-11 17:19:22.607 INFO  c.c.UsageLog.service.UsageService - 金額（値引き後）：2080
2026-08-11 17:19:22.607 INFO  c.c.UsageLog.service.UsageService - 購入日：2026-06-13
2026-08-11 17:19:22.607 INFO  c.c.UsageLog.service.UsageService - 行番号：21
2026-08-11 17:19:22.607 INFO  c.c.UsageLog.service.UsageService - 購入内容：イオン箕面
2026-08-11 17:19:22.607 INFO  c.c.UsageLog.service.UsageService - 金額（値引き後）：4698
2026-08-11 17:19:22.607 INFO  c.c.UsageLog.service.UsageService - 購入日：2026-06-14
2026-08-11 17:19:22.607 INFO  c.c.UsageLog.service.UsageService - 行番号：22
2026-08-11 17:19:22.607 INFO  c.c.UsageLog.service.UsageService - 購入内容：アソビユ−
2026-08-11 17:19:22.607 INFO  c.c.UsageLog.service.UsageService - 金額（値引き後）：1500
2026-08-11 17:19:22.607 INFO  c.c.UsageLog.service.UsageService - 購入日：2026-06-14
2026-08-11 17:19:22.607 INFO  c.c.UsageLog.service.UsageService - 行番号：23
2026-08-11 17:19:22.607 INFO  c.c.UsageLog.service.UsageService - 購入内容：ＵＢＥＲ　　　＊ＴＲＩＰ
2026-08-11 17:19:22.607 INFO  c.c.UsageLog.service.UsageService - 金額（値引き後）：3800
2026-08-11 17:19:22.607 INFO  c.c.UsageLog.service.UsageService - 購入日：2026-06-14
2026-08-11 17:19:22.607 INFO  c.c.UsageLog.service.UsageService - 行番号：24
2026-08-11 17:19:22.607 INFO  c.c.UsageLog.service.UsageService - 購入内容：クリスタナガホリ／ＮＦＣ
2026-08-11 17:19:22.607 INFO  c.c.UsageLog.service.UsageService - 金額（値引き後）：6269
2026-08-11 17:19:22.607 INFO  c.c.UsageLog.service.UsageService - 購入日：2026-06-14
2026-08-11 17:19:22.607 INFO  c.c.UsageLog.service.UsageService - 行番号：25
2026-08-11 17:19:22.607 INFO  c.c.UsageLog.service.UsageService - 購入内容：タコウメ　ブンテン
2026-08-11 17:19:22.607 INFO  c.c.UsageLog.service.UsageService - 金額（値引き後）：4950
2026-08-11 17:19:22.607 INFO  c.c.UsageLog.service.UsageService - 購入日：2026-06-14
2026-08-11 17:19:22.607 INFO  c.c.UsageLog.service.UsageService - 行番号：26
2026-08-11 17:19:22.607 INFO  c.c.UsageLog.service.UsageService - 購入内容：ハンキユウサンバンガイ／Ａｐｐｌｅ　Ｐａｙ利用分
2026-08-11 17:19:22.607 INFO  c.c.UsageLog.service.UsageService - 金額（値引き後）：935
2026-08-11 17:19:22.607 INFO  c.c.UsageLog.service.UsageService - 購入日：2026-06-15
2026-08-11 17:19:22.607 INFO  c.c.UsageLog.service.UsageService - 行番号：27
2026-08-11 17:19:22.607 INFO  c.c.UsageLog.service.UsageService - 購入内容：イオン野田阪神
2026-08-11 17:19:22.607 INFO  c.c.UsageLog.service.UsageService - 金額（値引き後）：581
2026-08-11 17:19:22.607 INFO  c.c.UsageLog.service.UsageService - 購入日：2026-06-16
2026-08-11 17:19:22.607 INFO  c.c.UsageLog.service.UsageService - 行番号：28
2026-08-11 17:19:22.607 INFO  c.c.UsageLog.service.UsageService - 購入内容：ナンバダイニングメゾン
2026-08-11 17:19:22.607 INFO  c.c.UsageLog.service.UsageService - 金額（値引き後）：1960
2026-08-11 17:19:22.621 INFO  c.c.UsageLog.service.UsageService - 購入日：2026-06-17
2026-08-11 17:19:22.621 INFO  c.c.UsageLog.service.UsageService - 行番号：29
2026-08-11 17:19:22.621 INFO  c.c.UsageLog.service.UsageService - 購入内容：ココカラフアイン／ＩＤＡｐｐｌｅ　Ｐａｙ利用分
2026-08-11 17:19:22.621 INFO  c.c.UsageLog.service.UsageService - 金額（値引き後）：509
2026-08-11 17:19:22.621 INFO  c.c.UsageLog.service.UsageService - 購入日：2026-06-17
2026-08-11 17:19:22.621 INFO  c.c.UsageLog.service.UsageService - 行番号：30
2026-08-11 17:19:22.621 INFO  c.c.UsageLog.service.UsageService - 購入内容：ウイステ
2026-08-11 17:19:22.623 INFO  c.c.UsageLog.service.UsageService - 金額（値引き後）：954
2026-08-11 17:19:22.623 INFO  c.c.UsageLog.service.UsageService - 購入日：2026-06-18
2026-08-11 17:19:22.623 INFO  c.c.UsageLog.service.UsageService - 行番号：31
2026-08-11 17:19:22.623 INFO  c.c.UsageLog.service.UsageService - 購入内容：イオン野田阪神
2026-08-11 17:19:22.624 INFO  c.c.UsageLog.service.UsageService - 金額（値引き後）：91
2026-08-11 17:19:22.624 INFO  c.c.UsageLog.service.UsageService - 購入日：2026-06-19
2026-08-11 17:19:22.624 INFO  c.c.UsageLog.service.UsageService - 行番号：32
2026-08-11 17:19:22.624 INFO  c.c.UsageLog.service.UsageService - 購入内容：イオン野田阪神
2026-08-11 17:19:22.624 INFO  c.c.UsageLog.service.UsageService - 金額（値引き後）：391
2026-08-11 17:19:22.624 INFO  c.c.UsageLog.service.UsageService - 購入日：2026-06-19
2026-08-11 17:19:22.624 INFO  c.c.UsageLog.service.UsageService - 行番号：33
2026-08-11 17:19:22.624 INFO  c.c.UsageLog.service.UsageService - 購入内容：イオン箕面
2026-08-11 17:19:22.624 INFO  c.c.UsageLog.service.UsageService - 金額（値引き後）：713
2026-08-11 17:19:22.624 INFO  c.c.UsageLog.service.UsageService - 購入日：2026-06-20
2026-08-11 17:19:22.624 INFO  c.c.UsageLog.service.UsageService - 行番号：34
2026-08-11 17:19:22.624 INFO  c.c.UsageLog.service.UsageService - 購入内容：イオン大阪ドーム（専門店）
2026-08-11 17:19:22.624 INFO  c.c.UsageLog.service.UsageService - 金額（値引き後）：1199
2026-08-11 17:19:22.624 INFO  c.c.UsageLog.service.UsageService - 購入日：2026-06-20
2026-08-11 17:19:22.624 INFO  c.c.UsageLog.service.UsageService - 行番号：35
2026-08-11 17:19:22.624 INFO  c.c.UsageLog.service.UsageService - 行番号：36
2026-08-11 17:19:22.624 INFO  c.c.UsageLog.service.UsageService - 購入内容：サイカスマ−トナビニシニ
2026-08-11 17:19:22.624 INFO  c.c.UsageLog.service.UsageService - 金額（値引き後）：2500
2026-08-11 17:19:22.624 INFO  c.c.UsageLog.service.UsageService - 購入日：2026-06-20
2026-08-11 17:19:22.624 INFO  c.c.UsageLog.service.UsageService - 行番号：37
2026-08-11 17:19:22.624 INFO  c.c.UsageLog.service.UsageService - 購入内容：イオン大阪ドーム（専門店）
2026-08-11 17:19:22.624 INFO  c.c.UsageLog.service.UsageService - 金額（値引き後）：1265
2026-08-11 17:19:22.624 INFO  c.c.UsageLog.service.UsageService - 購入日：2026-06-21
2026-08-11 17:19:22.624 INFO  c.c.UsageLog.service.UsageService - 行番号：38
2026-08-11 17:19:22.624 INFO  c.c.UsageLog.service.UsageService - 購入内容：イオンスタイルオンライン
2026-08-11 17:19:22.624 INFO  c.c.UsageLog.service.UsageService - 金額（値引き後）：266
2026-08-11 17:19:22.624 INFO  c.c.UsageLog.service.UsageService - 購入日：2026-06-21
2026-08-11 17:19:22.624 INFO  c.c.UsageLog.service.UsageService - 行番号：39
2026-08-11 17:19:22.624 INFO  c.c.UsageLog.service.UsageService - 購入内容：イオンスタイルオンライン
2026-08-11 17:19:22.624 INFO  c.c.UsageLog.service.UsageService - 金額（値引き後）：221
2026-08-11 17:19:22.624 INFO  c.c.UsageLog.service.UsageService - 購入日：2026-06-21
2026-08-11 17:19:22.624 INFO  c.c.UsageLog.service.UsageService - 行番号：40
2026-08-11 17:19:22.624 INFO  c.c.UsageLog.service.UsageService - 購入内容：イオンスタイルオンライン
2026-08-11 17:19:22.624 INFO  c.c.UsageLog.service.UsageService - 金額（値引き後）：1117
2026-08-11 17:19:22.624 INFO  c.c.UsageLog.service.UsageService - 購入日：2026-06-21
2026-08-11 17:19:22.624 INFO  c.c.UsageLog.service.UsageService - 行番号：41
2026-08-11 17:19:22.624 INFO  c.c.UsageLog.service.UsageService - 購入内容：イオンスタイルオンライン
2026-08-11 17:19:22.624 INFO  c.c.UsageLog.service.UsageService - 金額（値引き後）：354
2026-08-11 17:19:22.624 INFO  c.c.UsageLog.service.UsageService - 購入日：2026-06-21
2026-08-11 17:19:22.624 INFO  c.c.UsageLog.service.UsageService - 行番号：42
2026-08-11 17:19:22.624 INFO  c.c.UsageLog.service.UsageService - 購入内容：イオンスタイルオンライン
2026-08-11 17:19:22.624 INFO  c.c.UsageLog.service.UsageService - 金額（値引き後）：1203
2026-08-11 17:19:22.624 INFO  c.c.UsageLog.service.UsageService - 購入日：2026-06-21
2026-08-11 17:19:22.624 INFO  c.c.UsageLog.service.UsageService - 行番号：43
2026-08-11 17:19:22.624 INFO  c.c.UsageLog.service.UsageService - 購入内容：イオン野田阪神
2026-08-11 17:19:22.624 INFO  c.c.UsageLog.service.UsageService - 金額（値引き後）：284
2026-08-11 17:19:22.624 INFO  c.c.UsageLog.service.UsageService - 購入日：2026-06-22
2026-08-11 17:19:22.624 INFO  c.c.UsageLog.service.UsageService - 行番号：44
2026-08-11 17:19:22.624 INFO  c.c.UsageLog.service.UsageService - 購入内容：ハンシンデンシヤ　テイキ
2026-08-11 17:19:22.624 INFO  c.c.UsageLog.service.UsageService - 金額（値引き後）：30840
2026-08-11 17:19:22.624 INFO  c.c.UsageLog.service.UsageService - 購入日：2026-06-22
2026-08-11 17:19:22.624 INFO  c.c.UsageLog.service.UsageService - 行番号：45
2026-08-11 17:19:22.624 INFO  c.c.UsageLog.service.UsageService - 購入内容：イオン箕面
2026-08-11 17:19:22.624 INFO  c.c.UsageLog.service.UsageService - 金額（値引き後）：1470
2026-08-11 17:19:22.624 INFO  c.c.UsageLog.service.UsageService - 購入日：2026-06-23
2026-08-11 17:19:22.624 INFO  c.c.UsageLog.service.UsageService - 行番号：46
2026-08-11 17:19:22.624 INFO  c.c.UsageLog.service.UsageService - 購入内容：イオン野田阪神
2026-08-11 17:19:22.624 INFO  c.c.UsageLog.service.UsageService - 金額（値引き後）：344
2026-08-11 17:19:22.624 INFO  c.c.UsageLog.service.UsageService - 購入日：2026-06-24
2026-08-11 17:19:22.624 INFO  c.c.UsageLog.service.UsageService - 行番号：47
2026-08-11 17:19:22.624 INFO  c.c.UsageLog.service.UsageService - 購入内容：イオン野田阪神
2026-08-11 17:19:22.624 INFO  c.c.UsageLog.service.UsageService - 金額（値引き後）：478
2026-08-11 17:19:22.624 INFO  c.c.UsageLog.service.UsageService - 購入日：2026-06-25
2026-08-11 17:19:22.624 INFO  c.c.UsageLog.service.UsageService - 行番号：48
2026-08-11 17:19:22.624 INFO  c.c.UsageLog.service.UsageService - 購入内容：スギ薬局　箕面今宮店
2026-08-11 17:19:22.624 INFO  c.c.UsageLog.service.UsageService - 金額（値引き後）：1408
2026-08-11 17:19:22.624 INFO  c.c.UsageLog.service.UsageService - 購入日：2026-06-25
2026-08-11 17:19:22.624 INFO  c.c.UsageLog.service.UsageService - 行番号：49
2026-08-11 17:19:22.624 INFO  c.c.UsageLog.service.UsageService - 購入内容：イオン野田阪神
2026-08-11 17:19:22.624 INFO  c.c.UsageLog.service.UsageService - 金額（値引き後）：5691
2026-08-11 17:19:22.624 INFO  c.c.UsageLog.service.UsageService - 購入日：2026-06-26
2026-08-11 17:19:22.624 INFO  c.c.UsageLog.service.UsageService - 行番号：50
2026-08-11 17:19:22.624 INFO  c.c.UsageLog.service.UsageService - 購入内容：イオン堺鉄砲町
2026-08-11 17:19:22.624 INFO  c.c.UsageLog.service.UsageService - 金額（値引き後）：798
2026-08-11 17:19:22.624 INFO  c.c.UsageLog.service.UsageService - 購入日：2026-06-26
2026-08-11 17:19:22.624 INFO  c.c.UsageLog.service.UsageService - 行番号：51
2026-08-11 17:19:22.624 INFO  c.c.UsageLog.service.UsageService - 購入内容：イオンりんくう泉南
2026-08-11 17:19:22.624 INFO  c.c.UsageLog.service.UsageService - 金額（値引き後）：70
2026-08-11 17:19:22.624 INFO  c.c.UsageLog.service.UsageService - 購入日：2026-06-26
2026-08-11 17:19:22.624 INFO  c.c.UsageLog.service.UsageService - 行番号：52
2026-08-11 17:19:22.624 INFO  c.c.UsageLog.service.UsageService - 購入内容：イオンモール堺鉄砲町
2026-08-11 17:19:22.624 INFO  c.c.UsageLog.service.UsageService - 金額（値引き後）：1000
2026-08-11 17:19:22.624 INFO  c.c.UsageLog.service.UsageService - 購入日：2026-06-26
2026-08-11 17:19:22.624 INFO  c.c.UsageLog.service.UsageService - 行番号：53
2026-08-11 17:19:22.624 INFO  c.c.UsageLog.service.UsageService - 行番号：54
2026-08-11 17:19:22.624 INFO  c.c.UsageLog.service.UsageService - 購入内容：イオン野田阪神（専門店）
2026-08-11 17:19:22.624 INFO  c.c.UsageLog.service.UsageService - 金額（値引き後）：660
2026-08-11 17:19:22.624 INFO  c.c.UsageLog.service.UsageService - 購入日：2026-06-26
2026-08-11 17:19:22.624 INFO  c.c.UsageLog.service.UsageService - 行番号：55
2026-08-11 17:19:22.624 INFO  c.c.UsageLog.service.UsageService - 購入内容：イオンスタイルオンライン
2026-08-11 17:19:22.624 INFO  c.c.UsageLog.service.UsageService - 金額（値引き後）：871
2026-08-11 17:19:22.624 INFO  c.c.UsageLog.service.UsageService - 購入日：2026-06-26
2026-08-11 17:19:22.624 INFO  c.c.UsageLog.service.UsageService - 行番号：56
2026-08-11 17:19:22.624 INFO  c.c.UsageLog.service.UsageService - 購入内容：イオンスタイルオンライン
2026-08-11 17:19:22.624 INFO  c.c.UsageLog.service.UsageService - 金額（値引き後）：709
2026-08-11 17:19:22.624 INFO  c.c.UsageLog.service.UsageService - 購入日：2026-06-26
2026-08-11 17:19:22.624 INFO  c.c.UsageLog.service.UsageService - 行番号：57
2026-08-11 17:19:22.624 INFO  c.c.UsageLog.service.UsageService - 購入内容：イオンスタイルオンライン
2026-08-11 17:19:22.624 INFO  c.c.UsageLog.service.UsageService - 金額（値引き後）：3517
2026-08-11 17:19:22.624 INFO  c.c.UsageLog.service.UsageService - 購入日：2026-06-26
2026-08-11 17:19:22.624 INFO  c.c.UsageLog.service.UsageService - 行番号：58
2026-08-11 17:19:22.624 INFO  c.c.UsageLog.service.UsageService - 購入内容：イチランオオサカイバラキＡｐｐｌｅ　Ｐａｙ利用分
2026-08-11 17:19:22.624 INFO  c.c.UsageLog.service.UsageService - 金額（値引き後）：2560
2026-08-11 17:19:22.624 INFO  c.c.UsageLog.service.UsageService - 購入日：2026-06-27
2026-08-11 17:19:22.639 INFO  c.c.UsageLog.service.UsageService - 行番号：59
2026-08-11 17:19:22.639 INFO  c.c.UsageLog.service.UsageService - 購入内容：トウキヨウクツリユウツウＡｐｐｌｅ　Ｐａｙ利用分
2026-08-11 17:19:22.639 INFO  c.c.UsageLog.service.UsageService - 金額（値引き後）：4895
2026-08-11 17:19:22.639 INFO  c.c.UsageLog.service.UsageService - 購入日：2026-06-27
2026-08-11 17:19:22.639 INFO  c.c.UsageLog.service.UsageService - 行番号：60
2026-08-11 17:19:22.640 INFO  c.c.UsageLog.service.UsageService - 購入内容：ヘイワドウ（シヨクヒン）Ａｐｐｌｅ　Ｐａｙ利用分
2026-08-11 17:19:22.640 INFO  c.c.UsageLog.service.UsageService - 金額（値引き後）：874
2026-08-11 17:19:22.640 INFO  c.c.UsageLog.service.UsageService - 購入日：2026-06-27
2026-08-11 17:19:22.640 INFO  c.c.UsageLog.service.UsageService - 行番号：61
2026-08-11 17:19:22.640 INFO  c.c.UsageLog.service.UsageService - 購入内容：ＵＢＥＲ　　　＊ＴＲＩＰ
2026-08-11 17:19:22.640 INFO  c.c.UsageLog.service.UsageService - 金額（値引き後）：1384
2026-08-11 17:19:22.640 INFO  c.c.UsageLog.service.UsageService - 購入日：2026-06-28
2026-08-11 17:19:22.640 INFO  c.c.UsageLog.service.UsageService - 行番号：62
2026-08-11 17:19:22.640 INFO  c.c.UsageLog.service.UsageService - 購入内容：カ−テンジユウタンオウコ
2026-08-11 17:19:22.640 INFO  c.c.UsageLog.service.UsageService - 金額（値引き後）：80000
2026-08-11 17:19:22.640 INFO  c.c.UsageLog.service.UsageService - 購入日：2026-06-28
2026-08-11 17:19:22.640 INFO  c.c.UsageLog.service.UsageService - 行番号：63
2026-08-11 17:19:22.640 INFO  c.c.UsageLog.service.UsageService - 購入内容：ホカコウシキサイト
2026-08-11 17:19:22.640 INFO  c.c.UsageLog.service.UsageService - 金額（値引き後）：23200
2026-08-11 17:19:22.640 INFO  c.c.UsageLog.service.UsageService - 購入日：2026-06-28
2026-08-11 17:19:22.640 INFO  c.c.UsageLog.service.UsageService - 行番号：64
2026-08-11 17:19:22.640 INFO  c.c.UsageLog.service.UsageService - 購入内容：イオン野田阪神
2026-08-11 17:19:22.640 INFO  c.c.UsageLog.service.UsageService - 金額（値引き後）：238
2026-08-11 17:19:22.640 INFO  c.c.UsageLog.service.UsageService - 購入日：2026-06-29
2026-08-11 17:19:22.640 INFO  c.c.UsageLog.service.UsageService - 行番号：65
2026-08-11 17:19:22.640 INFO  c.c.UsageLog.service.UsageService - 購入内容：イオン野田阪神
2026-08-11 17:19:22.640 INFO  c.c.UsageLog.service.UsageService - 金額（値引き後）：154
2026-08-11 17:19:22.640 INFO  c.c.UsageLog.service.UsageService - 購入日：2026-07-01
2026-08-11 17:19:22.640 INFO  c.c.UsageLog.service.UsageService - 行番号：66
2026-08-11 17:19:22.640 INFO  c.c.UsageLog.service.UsageService - 購入内容：イオン野田阪神
2026-08-11 17:19:22.640 INFO  c.c.UsageLog.service.UsageService - 金額（値引き後）：365
2026-08-11 17:19:22.640 INFO  c.c.UsageLog.service.UsageService - 購入日：2026-07-01
2026-08-11 17:19:22.640 INFO  c.c.UsageLog.service.UsageService - 行番号：67
2026-08-11 17:19:22.640 INFO  c.c.UsageLog.service.UsageService - 購入内容：イオンスタイルオンライン
2026-08-11 17:19:22.640 INFO  c.c.UsageLog.service.UsageService - 金額（値引き後）：443
2026-08-11 17:19:22.640 INFO  c.c.UsageLog.service.UsageService - 購入日：2026-07-02
2026-08-11 17:19:22.640 INFO  c.c.UsageLog.service.UsageService - 行番号：68
2026-08-11 17:19:22.640 INFO  c.c.UsageLog.service.UsageService - 購入内容：イオンスタイルオンライン
2026-08-11 17:19:22.640 INFO  c.c.UsageLog.service.UsageService - 金額（値引き後）：11370
2026-08-11 17:19:22.640 INFO  c.c.UsageLog.service.UsageService - 購入日：2026-07-02
2026-08-11 17:19:22.640 INFO  c.c.UsageLog.service.UsageService - 行番号：69
2026-08-11 17:19:22.640 INFO  c.c.UsageLog.service.UsageService - 購入内容：イオン箕面
2026-08-11 17:19:22.640 INFO  c.c.UsageLog.service.UsageService - 金額（値引き後）：9736
2026-08-11 17:19:22.640 INFO  c.c.UsageLog.service.UsageService - 購入日：2026-07-03
2026-08-11 17:19:22.640 INFO  c.c.UsageLog.service.UsageService - 行番号：70
2026-08-11 17:19:22.640 INFO  c.c.UsageLog.service.UsageService - 購入内容：イオン箕面
2026-08-11 17:19:22.640 INFO  c.c.UsageLog.service.UsageService - 金額（値引き後）：4400
2026-08-11 17:19:22.640 INFO  c.c.UsageLog.service.UsageService - 購入日：2026-07-03
2026-08-11 17:19:22.640 INFO  c.c.UsageLog.service.UsageService - 行番号：71
2026-08-11 17:19:22.640 INFO  c.c.UsageLog.service.UsageService - 購入内容：イオン箕面
2026-08-11 17:19:22.640 INFO  c.c.UsageLog.service.UsageService - 金額（値引き後）：4029
2026-08-11 17:19:22.640 INFO  c.c.UsageLog.service.UsageService - 購入日：2026-07-03
2026-08-11 17:19:22.640 INFO  c.c.UsageLog.service.UsageService - 行番号：72
2026-08-11 17:19:22.640 INFO  c.c.UsageLog.service.UsageService - 購入内容：イオン箕面
2026-08-11 17:19:22.640 INFO  c.c.UsageLog.service.UsageService - 金額（値引き後）：8041
2026-08-11 17:19:22.640 INFO  c.c.UsageLog.service.UsageService - 購入日：2026-07-03
2026-08-11 17:19:22.640 INFO  c.c.UsageLog.service.UsageService - 行番号：73
2026-08-11 17:19:22.640 INFO  c.c.UsageLog.service.UsageService - 購入内容：イオン野田阪神
2026-08-11 17:19:22.640 INFO  c.c.UsageLog.service.UsageService - 金額（値引き後）：17033
2026-08-11 17:19:22.640 INFO  c.c.UsageLog.service.UsageService - 購入日：2026-07-04
2026-08-11 17:19:22.640 INFO  c.c.UsageLog.service.UsageService - 行番号：74
2026-08-11 17:19:22.640 INFO  c.c.UsageLog.service.UsageService - 購入内容：イオンスタイルオンライン
2026-08-11 17:19:22.640 INFO  c.c.UsageLog.service.UsageService - 金額（値引き後）：1759
2026-08-11 17:19:22.640 INFO  c.c.UsageLog.service.UsageService - 購入日：2026-07-05
2026-08-11 17:19:22.640 INFO  c.c.UsageLog.service.UsageService - 行番号：75
2026-08-11 17:19:22.640 INFO  c.c.UsageLog.service.UsageService - 購入内容：ウイステ
2026-08-11 17:19:22.640 INFO  c.c.UsageLog.service.UsageService - 金額（値引き後）：1332
2026-08-11 17:19:22.640 INFO  c.c.UsageLog.service.UsageService - 購入日：2026-07-06
2026-08-11 17:19:22.640 INFO  c.c.UsageLog.service.UsageService - 行番号：76
2026-08-11 17:19:22.640 INFO  c.c.UsageLog.service.UsageService - 購入内容：イオン野田阪神
2026-08-11 17:19:22.640 INFO  c.c.UsageLog.service.UsageService - 金額（値引き後）：601
2026-08-11 17:19:22.640 INFO  c.c.UsageLog.service.UsageService - 購入日：2026-07-08
2026-08-11 17:19:22.640 INFO  c.c.UsageLog.service.UsageService - 行番号：77
2026-08-11 17:25:36.079 INFO  o.s.o.j.LocalContainerEntityManagerFactoryBean - Closing JPA EntityManagerFactory for persistence unit 'default'
2026-08-11 17:25:36.079 INFO  com.zaxxer.hikari.HikariDataSource - HikariPool-1 - Shutdown initiated...
2026-08-11 17:25:36.079 INFO  com.zaxxer.hikari.HikariDataSource - HikariPool-1 - Shutdown completed.
